x;y;tempo;invert
1;1;0.00000;1
11;11;0.00000;1
21;21;0.00000;1
31;31;0.00000;1
41;41;0.00000;1
51;51;0.00000;1
61;61;0.00000;1
71;71;0.00000;1
81;81;0.00000;1
91;91;0.00000;1
101;101;0.00000;1
111;111;0.00000;1
121;121;0.00000;1
131;131;0.00000;1
141;141;0.00000;1
151;151;0.00000;1
161;161;0.00000;1
171;171;0.00500;1
181;181;0.00000;1
191;191;0.00000;1
201;201;0.00000;1
211;211;0.00000;1
221;221;0.00000;1
231;231;0.00000;1
241;241;0.00000;1
251;251;0.00000;1
261;261;0.00000;1
271;271;0.00000;1
281;281;0.00300;1
291;291;0.00000;1
301;301;0.00000;1
311;311;0.00500;1
321;321;0.00300;1
331;331;0.00000;1
341;341;0.00000;1
351;351;0.00000;1
361;361;0.00000;1
371;371;0.00000;1
381;381;0.00400;1
391;391;0.00000;1
401;401;0.00400;1
411;411;0.00300;1
421;421;0.00000;1
431;431;0.00400;1
441;441;0.00000;1
451;451;0.00000;1
461;461;0.00000;1
471;471;0.00400;1
481;481;0.00000;1
491;491;0.00400;1
501;501;0.00000;1
511;511;0.00000;1
521;521;0.00000;1
531;531;0.00300;1
541;541;0.00400;1
551;551;0.00000;1
561;561;0.00500;1
571;571;0.00400;1
581;581;0.00000;1
591;591;0.00400;1
601;601;0.00000;1
611;611;0.00300;1
621;621;0.00000;1
631;631;0.00000;1
641;641;0.00400;1
651;651;0.00300;1
661;661;0.00000;1
671;671;0.00500;1
681;681;0.00400;1
691;691;0.00400;1
701;701;0.00000;1
711;711;0.00000;1
721;721;0.00400;1
731;731;0.00400;1
741;741;0.00300;1
751;751;0.00400;1
761;761;0.00400;1
771;771;0.00300;1
781;781;0.00400;1
791;791;0.00000;1
801;801;0.00400;1
811;811;0.00500;1
821;821;0.00000;1
831;831;0.00800;1
841;841;0.00400;1
851;851;0.00400;1
861;861;0.00400;1
871;871;0.00400;1
881;881;0.00000;1
891;891;0.00400;1
901;901;0.00400;1
911;911;0.00400;1
921;921;0.00000;1
931;931;0.00400;1
941;941;0.00400;1
951;951;0.00000;1
961;961;0.00400;1
971;971;0.00400;1
981;981;0.00400;1
991;991;0.00400;1
1001;1001;0.00400;1
1011;1011;0.00000;1
1021;1021;0.00400;1
1031;1031;0.00400;1
1041;1041;0.00800;1
1051;1051;0.00400;1
1061;1061;0.00400;1
1071;1071;0.00400;1
1081;1081;0.00400;1
1091;1091;0.00400;1
1101;1101;0.00400;1
1111;1111;0.00400;1
1121;1121;0.00800;1
1131;1131;0.00400;1
1141;1141;0.00400;1
1151;1151;0.00400;1
1161;1161;0.00000;1
1171;1171;0.00400;1
1181;1181;0.00400;1
1191;1191;0.00800;1
1201;1201;0.00800;1
1211;1211;0.00800;1
1221;1221;0.00400;1
1231;1231;0.01200;1
1241;1241;0.00800;1
1251;1251;0.00400;1
1261;1261;0.00400;1
1271;1271;0.00800;1
1281;1281;0.00800;1
1291;1291;0.01200;1
1301;1301;0.01200;1
1311;1311;0.01200;1
1321;1321;0.00400;1
1331;1331;0.00800;1
1341;1341;0.01200;1
1351;1351;0.00800;1
1361;1361;0.00800;1
1371;1371;0.00800;1
1381;1381;0.00800;1
1391;1391;0.01200;1
1401;1401;0.01200;1
1411;1411;0.00800;1
1421;1421;0.00800;1
1431;1431;0.01200;1
1441;1441;0.01200;1
1451;1451;0.00800;1
1461;1461;0.00800;1
1471;1471;0.00800;1
1481;1481;0.00800;1
1491;1491;0.01200;1
1501;1501;0.01200;1
1511;1511;0.00800;1
1521;1521;0.01200;1
1531;1531;0.00800;1
1541;1541;0.00800;1
1551;1551;0.03000;1
1561;1561;0.01600;1
1571;1571;0.01200;1
1581;1581;0.02400;1
1591;1591;0.02400;1
1601;1601;0.01200;1
1611;1611;0.02100;1
1621;1621;0.01200;1
1631;1631;0.01200;1
1641;1641;0.01600;1
1651;1651;0.01200;1
1661;1661;0.02400;1
1671;1671;0.00800;1
1681;1681;0.01200;1
1691;1691;0.01200;1
1701;1701;0.01200;1
1711;1711;0.01200;1
1721;1721;0.01600;1
1731;1731;0.01200;1
1741;1741;0.01200;1
1751;1751;0.01600;1
1761;1761;0.01200;1
1771;1771;0.01200;1
1781;1781;0.01200;1
1791;1791;0.01200;1
1801;1801;0.01200;1
1811;1811;0.01200;1
1821;1821;0.01200;1
1831;1831;0.02400;1
1841;1841;0.02000;1
1851;1851;0.01600;1
1861;1861;0.01600;1
1871;1871;0.01600;1
1881;1881;0.01600;1
1891;1891;0.02000;1
1901;1901;0.02000;1
1911;1911;0.02000;1
1921;1921;0.01200;1
1931;1931;0.01600;1
1941;1941;0.02400;1
1951;1951;0.01600;1
1961;1961;0.02000;1
1971;1971;0.01600;1
1981;1981;0.01600;1
1991;1991;0.01600;1
2001;2001;0.02000;1
2011;2011;0.01700;1
2021;2021;0.01600;1
2031;2031;0.01200;1
2041;2041;0.01600;1
2051;2051;0.01600;1
2061;2061;0.01600;1
2071;2071;0.01600;1
2081;2081;0.02000;1
2091;2091;0.01600;1
2101;2101;0.01600;1
2111;2111;0.02000;1
2121;2121;0.02000;1
2131;2131;0.02000;1
2141;2141;0.02400;1
2151;2151;0.02000;1
2161;2161;0.02000;1
2171;2171;0.02000;1
2181;2181;0.02000;1
2191;2191;0.02400;1
2201;2201;0.02400;1
2211;2211;0.01600;1
2221;2221;0.01600;1
2231;2231;0.02000;1
2241;2241;0.02000;1
2251;2251;0.02000;1
2261;2261;0.01600;1
2271;2271;0.02000;1
2281;2281;0.02400;1
2291;2291;0.02400;1
2301;2301;0.02800;1
2311;2311;0.02400;1
2321;2321;0.06000;1
2331;2331;0.02800;1
2341;2341;0.03200;1
2351;2351;0.02800;1
2361;2361;0.02400;1
2371;2371;0.02000;1
2381;2381;0.04000;1
2391;2391;0.02000;1
2401;2401;0.07200;1
2411;2411;0.02400;1
2421;2421;0.03200;1
2431;2431;0.02400;1
2441;2441;0.02400;1
2451;2451;0.03200;1
2461;2461;0.02800;1
2471;2471;0.02400;1
2481;2481;0.02400;1
2491;2491;0.03200;1
2501;2501;0.02800;1
2511;2511;0.02800;1
2521;2521;0.03200;1
2531;2531;0.02800;1
2541;2541;0.03600;1
2551;2551;0.02400;1
2561;2561;0.03200;1
2571;2571;0.02800;1
2581;2581;0.02800;1
2591;2591;0.02400;1
2601;2601;0.02400;1
2611;2611;0.02400;1
2621;2621;0.02400;1
2631;2631;0.02800;1
2641;2641;0.03200;1
2651;2651;0.02800;1
2661;2661;0.02700;1
2671;2671;0.02800;1
2681;2681;0.03200;1
2691;2691;0.03200;1
2701;2701;0.04000;1
2711;2711;0.02800;1
2721;2721;0.02800;1
2731;2731;0.03600;1
2741;2741;0.03600;1
2751;2751;0.04400;1
2761;2761;0.03600;1
2771;2771;0.02800;1
2781;2781;0.05200;1
2791;2791;0.03200;1
2801;2801;0.02800;1
2811;2811;0.04800;1
2821;2821;0.03600;1
2831;2831;0.03200;1
2841;2841;0.03600;1
2851;2851;0.04800;1
2861;2861;0.02800;1
2871;2871;0.03200;1
2881;2881;0.03200;1
2891;2891;0.03200;1
2901;2901;0.03200;1
2911;2911;0.03600;1
2921;2921;0.03600;1
2931;2931;0.03200;1
2941;2941;0.03200;1
2951;2951;0.03200;1
2961;2961;0.03200;1
2971;2971;0.03600;1
2981;2981;0.02900;1
2991;2991;0.03600;1
3001;3001;0.03600;1
3011;3011;0.03200;1
3021;3021;0.03200;1
3031;3031;0.03200;1
3041;3041;0.03600;1
3051;3051;0.03600;1
3061;3061;0.03600;1
3071;3071;0.03600;1
3081;3081;0.03200;1
3091;3091;0.04000;1
3101;3101;0.03600;1
3111;3111;0.04000;1
3121;3121;0.03600;1
3131;3131;0.03700;1
3141;3141;0.03600;1
3151;3151;0.04000;1
3161;3161;0.04000;1
3171;3171;0.03600;1
3181;3181;0.03200;1
3191;3191;0.03600;1
3201;3201;0.05200;1
3211;3211;0.04000;1
3221;3221;0.03600;1
3231;3231;0.04000;1
3241;3241;0.04400;1
3251;3251;0.03600;1
3261;3261;0.04100;1
3271;3271;0.03600;1
3281;3281;0.04000;1
3291;3291;0.04000;1
3301;3301;0.04400;1
3311;3311;0.03600;1
3321;3321;0.04400;1
3331;3331;0.04000;1
3341;3341;0.04400;1
3351;3351;0.03600;1
3361;3361;0.04000;1
3371;3371;0.04000;1
3381;3381;0.04000;1
3391;3391;0.04100;1
3401;3401;0.04800;1
3411;3411;0.04500;1
3421;3421;0.04400;1
3431;3431;0.04400;1
3441;3441;0.04800;1
3451;3451;0.04400;1
3461;3461;0.04000;1
3471;3471;0.04300;1
3481;3481;0.04000;1
3491;3491;0.04400;1
3501;3501;0.04000;1
3511;3511;0.04800;1
3521;3521;0.04400;1
3531;3531;0.04400;1
3541;3541;0.04400;1
3551;3551;0.04800;1
3561;3561;0.05200;1
3571;3571;0.04800;1
3581;3581;0.05200;1
3591;3591;0.04400;1
3601;3601;0.04800;1
3611;3611;0.04800;1
3621;3621;0.04400;1
3631;3631;0.04700;1
3641;3641;0.04800;1
3651;3651;0.04300;1
3661;3661;0.04400;1
3671;3671;0.04800;1
3681;3681;0.04800;1
3691;3691;0.05600;1
3701;3701;0.05600;1
3711;3711;0.06400;1
3721;3721;0.04800;1
3731;3731;0.05200;1
3741;3741;0.04800;1
3751;3751;0.05200;1
3761;3761;0.05600;1
3771;3771;0.05200;1
3781;3781;0.05200;1
3791;3791;0.05200;1
3801;3801;0.06000;1
3811;3811;0.05200;1
3821;3821;0.04800;1
3831;3831;0.06000;1
3841;3841;0.05300;1
3851;3851;0.06000;1
3861;3861;0.05600;1
3871;3871;0.06000;1
3881;3881;0.05600;1
3891;3891;0.05200;1
3901;3901;0.05200;1
3911;3911;0.05600;1
3921;3921;0.05600;1
3931;3931;0.05600;1
3941;3941;0.05200;1
3951;3951;0.05600;1
3961;3961;0.05200;1
3971;3971;0.06100;1
3981;3981;0.07200;1
3991;3991;0.05600;1
4001;4001;0.05600;1
4011;4011;0.05600;1
4021;4021;0.06100;1
4031;4031;0.05600;1
4041;4041;0.05600;1
4051;4051;0.05600;1
4061;4061;0.05600;1
4071;4071;0.06000;1
4081;4081;0.05600;1
4091;4091;0.05900;1
4101;4101;0.06000;1
4111;4111;0.06000;1
4121;4121;0.06400;1
4131;4131;0.06000;1
4141;4141;0.06000;1
4151;4151;0.06000;1
4161;4161;0.06000;1
4171;4171;0.06500;1
4181;4181;0.07600;1
4191;4191;0.08400;1
4201;4201;0.09600;1
4211;4211;0.06000;1
4221;4221;0.08400;1
4231;4231;0.06800;1
4241;4241;0.06400;1
4251;4251;0.06400;1
4261;4261;0.06000;1
4271;4271;0.06400;1
4281;4281;0.06400;1
4291;4291;0.06400;1
4301;4301;0.06400;1
4311;4311;0.06400;1
4321;4321;0.06800;1
4331;4331;0.06400;1
4341;4341;0.06500;1
4351;4351;0.06800;1
4361;4361;0.06400;1
4371;4371;0.06800;1
4381;4381;0.06800;1
4391;4391;0.06800;1
4401;4401;0.06800;1
4411;4411;0.06400;1
4421;4421;0.06800;1
4431;4431;0.06800;1
4441;4441;0.07200;1
4451;4451;0.06800;1
4461;4461;0.07200;1
4471;4471;0.06800;1
4481;4481;0.07200;1
4491;4491;0.06800;1
4501;4501;0.07200;1
4511;4511;0.07200;1
4521;4521;0.07600;1
4531;4531;0.07200;1
4541;4541;0.06800;1
4551;4551;0.06800;1
4561;4561;0.07600;1
4571;4571;0.07200;1
4581;4581;0.07600;1
4591;4591;0.07600;1
4601;4601;0.07200;1
4611;4611;0.07600;1
4621;4621;0.07300;1
4631;4631;0.07300;1
4641;4641;0.08800;1
4651;4651;0.07600;1
4661;4661;0.07600;1
4671;4671;0.07600;1
4681;4681;0.07600;1
4691;4691;0.07600;1
4701;4701;0.07600;1
4711;4711;0.08000;1
4721;4721;0.07600;1
4731;4731;0.08000;1
4741;4741;0.07600;1
4751;4751;0.08400;1
4761;4761;0.07600;1
4771;4771;0.08400;1
4781;4781;0.08000;1
4791;4791;0.07600;1
4801;4801;0.08000;1
4811;4811;0.08400;1
4821;4821;0.08000;1
4831;4831;0.08000;1
4841;4841;0.08400;1
4851;4851;0.08400;1
4861;4861;0.08400;1
4871;4871;0.08400;1
4881;4881;0.08000;1
4891;4891;0.08400;1
4901;4901;0.08000;1
4911;4911;0.08800;1
4921;4921;0.08100;1
4931;4931;0.08400;1
4941;4941;0.08800;1
4951;4951;0.08800;1
4961;4961;0.08000;1
4971;4971;0.08300;1
4981;4981;0.08800;1
4991;4991;0.08400;1
5001;5001;0.08800;1
5011;5011;0.08800;1
5021;5021;0.09200;1
5031;5031;0.09200;1
5041;5041;0.08800;1
5051;5051;0.09600;1
5061;5061;0.09600;1
5071;5071;0.08800;1
5081;5081;0.09600;1
5091;5091;0.09200;1
5101;5101;0.09200;1
5111;5111;0.09200;1
5121;5121;0.09200;1
5131;5131;0.09300;1
5141;5141;0.09600;1
5151;5151;0.09200;1
5161;5161;0.09200;1
5171;5171;0.09600;1
5181;5181;0.09600;1
5191;5191;0.09600;1
5201;5201;0.09600;1
5211;5211;0.09200;1
5221;5221;0.09200;1
5231;5231;0.09600;1
5241;5241;0.09200;1
5251;5251;0.09600;1
5261;5261;0.09600;1
5271;5271;0.09600;1
5281;5281;0.09600;1
5291;5291;0.10400;1
5301;5301;0.09600;1
5311;5311;0.10000;1
5321;5321;0.10800;1
5331;5331;0.10800;1
5341;5341;0.10000;1
5351;5351;0.12800;1
5361;5361;0.11300;1
5371;5371;0.09600;1
5381;5381;0.10400;1
5391;5391;0.10000;1
5401;5401;0.10000;1
5411;5411;0.10000;1
5421;5421;0.10400;1
5431;5431;0.10400;1
5441;5441;0.11200;1
5451;5451;0.10000;1
5461;5461;0.10400;1
5471;5471;0.11200;1
5481;5481;0.10400;1
5491;5491;0.10400;1
5501;5501;0.10800;1
5511;5511;0.10400;1
5521;5521;0.10400;1
5531;5531;0.10400;1
5541;5541;0.10800;1
5551;5551;0.10900;1
5561;5561;0.10400;1
5571;5571;0.10900;1
5581;5581;0.10800;1
5591;5591;0.10800;1
5601;5601;0.10800;1
5611;5611;0.10900;1
5621;5621;0.10800;1
5631;5631;0.10800;1
5641;5641;0.10800;1
5651;5651;0.11200;1
5661;5661;0.11200;1
5671;5671;0.11200;1
5681;5681;0.11200;1
5691;5691;0.11200;1
5701;5701;0.10800;1
5711;5711;0.11600;1
5721;5721;0.11700;1
5731;5731;0.11600;1
5741;5741;0.11200;1
5751;5751;0.11200;1
5761;5761;0.11600;1
5771;5771;0.11600;1
5781;5781;0.11600;1
5791;5791;0.11200;1
5801;5801;0.14000;1
5811;5811;0.12800;1
5821;5821;0.11600;1
5831;5831;0.11600;1
5841;5841;0.11300;1
5851;5851;0.12000;1
5861;5861;0.12100;1
5871;5871;0.12000;1
5881;5881;0.12000;1
5891;5891;0.12500;1
5901;5901;0.12000;1
5911;5911;0.12000;1
5921;5921;0.12500;1
5931;5931;0.12100;1
5941;5941;0.13600;1
5951;5951;0.12400;1
5961;5961;0.12800;1
5971;5971;0.12400;1
5981;5981;0.13600;1
5991;5991;0.12800;1
6001;6001;0.12400;1
6011;6011;0.12800;1
6021;6021;0.12400;1
6031;6031;0.12900;1
6041;6041;0.12400;1
6051;6051;0.13600;1
6061;6061;0.14000;1
6071;6071;0.16400;1
6081;6081;0.15700;1
6091;6091;0.14400;1
6101;6101;0.13200;1
6111;6111;0.13200;1
6121;6121;0.13600;1
6131;6131;0.17200;1
6141;6141;0.20000;1
6151;6151;0.16800;1
6161;6161;0.13200;1
6171;6171;0.19700;1
6181;6181;0.13300;1
6191;6191;0.13200;1
6201;6201;0.13600;1
6211;6211;0.13200;1
6221;6221;0.13600;1
6231;6231;0.14400;1
6241;6241;0.13200;1
6251;6251;0.13200;1
6261;6261;0.14000;1
6271;6271;0.13700;1
6281;6281;0.14100;1
6291;6291;0.14000;1
6301;6301;0.13600;1
6311;6311;0.14100;1
6321;6321;0.14100;1
6331;6331;0.17600;1
6341;6341;0.13600;1
6351;6351;0.14100;1
6361;6361;0.14800;1
6371;6371;0.14000;1
6381;6381;0.14400;1
6391;6391;0.14400;1
6401;6401;0.14000;1
6411;6411;0.14500;1
6421;6421;0.14900;1
6431;6431;0.14400;1
6441;6441;0.14400;1
6451;6451;0.14500;1
6461;6461;0.14500;1
6471;6471;0.14800;1
6481;6481;0.14900;1
6491;6491;0.14800;1
6501;6501;0.15300;1
6511;6511;0.14800;1
6521;6521;0.14800;1
6531;6531;0.15200;1
6541;6541;0.15600;1
6551;6551;0.15200;1
6561;6561;0.15200;1
6571;6571;0.15200;1
6581;6581;0.15200;1
6591;6591;0.24100;1
6601;6601;0.15200;1
6611;6611;0.16000;1
6621;6621;0.14800;1
6631;6631;0.15600;1
6641;6641;0.15200;1
6651;6651;0.16000;1
6661;6661;0.15200;1
6671;6671;0.15200;1
6681;6681;0.15600;1
6691;6691;0.15600;1
6701;6701;0.15600;1
6711;6711;0.16100;1
6721;6721;0.15600;1
6731;6731;0.18400;1
6741;6741;0.16800;1
6751;6751;0.21600;1
6761;6761;0.27600;1
6771;6771;0.25400;1
6781;6781;0.53200;1
6791;6791;0.20400;1
6801;6801;0.17200;1
6811;6811;0.16000;1
6821;6821;0.20600;1
6831;6831;0.16400;1
6841;6841;0.16000;1
6851;6851;0.16000;1
6861;6861;0.16400;1
6871;6871;0.16900;1
6881;6881;0.16400;1
6891;6891;0.16800;1
6901;6901;0.17300;1
6911;6911;0.19200;1
6921;6921;0.16500;1
6931;6931;0.16800;1
6941;6941;0.16800;1
6951;6951;0.22000;1
6961;6961;0.16800;1
6971;6971;0.16800;1
6981;6981;0.17200;1
6991;6991;0.17600;1
7001;7001;0.17200;1
7011;7011;0.17200;1
7021;7021;0.17200;1
7031;7031;0.17200;1
7041;7041;0.17200;1
7051;7051;0.18000;1
7061;7061;0.17600;1
7071;7071;0.17600;1
7081;7081;0.20400;1
7091;7091;0.17200;1
7101;7101;0.18100;1
7111;7111;0.17600;1
7121;7121;0.27100;1
7131;7131;0.18000;1
7141;7141;0.17600;1
7151;7151;0.17600;1
7161;7161;0.17600;1
7171;7171;0.18000;1
7181;7181;0.17600;1
7191;7191;0.18000;1
7201;7201;0.18800;1
7211;7211;0.18400;1
7221;7221;0.18400;1
7231;7231;0.18900;1
7241;7241;0.18400;1
7251;7251;0.18000;1
7261;7261;0.20900;1
7271;7271;0.19600;1
7281;7281;0.34800;1
7291;7291;0.18800;1
7301;7301;0.18500;1
7311;7311;0.18800;1
7321;7321;0.29200;1
7331;7331;0.18500;1
7341;7341;0.18400;1
7351;7351;0.18900;1
7361;7361;0.20000;1
7371;7371;0.18800;1
7381;7381;0.19200;1
7391;7391;0.19200;1
7401;7401;0.19300;1
7411;7411;0.20400;1
7421;7421;0.20100;1
7431;7431;0.19200;1
7441;7441;0.21600;1
7451;7451;0.19200;1
7461;7461;0.19200;1
7471;7471;0.20000;1
7481;7481;0.19200;1
7491;7491;0.19600;1
7501;7501;0.20000;1
7511;7511;0.19600;1
7521;7521;0.20400;1
7531;7531;0.19600;1
7541;7541;0.20000;1
7551;7551;0.22000;1
7561;7561;0.20000;1
7571;7571;0.20000;1
7581;7581;0.20100;1
7591;7591;0.20000;1
7601;7601;0.20100;1
7611;7611;0.20000;1
7621;7621;0.28000;1
7631;7631;0.20800;1
7641;7641;0.20400;1
7651;7651;0.20000;1
7661;7661;0.20800;1
7671;7671;0.20400;1
7681;7681;0.21200;1
7691;7691;0.20500;1
7701;7701;0.20900;1
7711;7711;0.20800;1
7721;7721;0.21200;1
7731;7731;0.24000;1
7741;7741;0.21600;1
7751;7751;0.20800;1
7761;7761;0.22400;1
7771;7771;0.21200;1
7781;7781;0.20800;1
7791;7791;0.24400;1
7801;7801;0.21200;1
7811;7811;0.21200;1
7821;7821;0.22000;1
7831;7831;0.21200;1
7841;7841;0.21300;1
7851;7851;0.21200;1
7861;7861;0.29300;1
7871;7871;0.22000;1
7881;7881;0.21600;1
7891;7891;0.21700;1
7901;7901;0.22000;1
7911;7911;0.21600;1
7921;7921;0.22400;1
7931;7931;0.22400;1
7941;7941;0.22900;1
7951;7951;0.22000;1
7961;7961;0.26400;1
7971;7971;0.22000;1
7981;7981;0.25600;1
7991;7991;0.43300;1
8001;8001;0.22500;1
8011;8011;0.22400;1
8021;8021;0.22400;1
8031;8031;0.22800;1
8041;8041;0.22800;1
8051;8051;0.22100;1
8061;8061;0.23200;1
8071;8071;0.22400;1
8081;8081;0.22900;1
8091;8091;0.22400;1
8101;8101;0.22800;1
8111;8111;0.22800;1
8121;8121;0.22800;1
8131;8131;0.22800;1
8141;8141;0.24100;1
8151;8151;0.28800;1
8161;8161;0.23700;1
8171;8171;0.23200;1
8181;8181;0.23600;1
8191;8191;0.23200;1
8201;8201;0.23600;1
8211;8211;0.33200;1
8221;8221;0.23700;1
8231;8231;0.24100;1
8241;8241;0.25200;1
8251;8251;0.24000;1
8261;8261;0.24400;1
8271;8271;0.34000;1
8281;8281;0.24400;1
8291;8291;0.24000;1
8301;8301;0.32000;1
8311;8311;0.24400;1
8321;8321;0.24900;1
8331;8331;0.32000;1
8341;8341;0.26500;1
8351;8351;0.25600;1
8361;8361;0.38400;1
8371;8371;0.34000;1
8381;8381;0.24400;1
8391;8391;0.24600;1
8401;8401;0.24400;1
8411;8411;0.24800;1
8421;8421;0.26000;1
8431;8431;0.24900;1
8441;8441;0.24800;1
8451;8451;0.24800;1
8461;8461;0.25200;1
8471;8471;0.24900;1
8481;8481;0.25200;1
8491;8491;0.25600;1
8501;8501;0.29200;1
8511;8511;0.26900;1
8521;8521;0.27700;1
8531;8531;0.25600;1
8541;8541;0.25600;1
8551;8551;0.25600;1
8561;8561;0.25600;1
8571;8571;0.26000;1
8581;8581;0.25600;1
8591;8591;0.26000;1
8601;8601;0.25600;1
8611;8611;0.26000;1
8621;8621;0.25700;1
8631;8631;0.26100;1
8641;8641;0.33200;1
8651;8651;0.26400;1
8661;8661;0.26000;1
8671;8671;0.26000;1
8681;8681;0.26400;1
8691;8691;0.26900;1
8701;8701;0.26400;1
8711;8711;0.26500;1
8721;8721;0.26400;1
8731;8731;0.26400;1
8741;8741;0.26400;1
8751;8751;0.27300;1
8761;8761;0.26800;1
8771;8771;0.26400;1
8781;8781;0.26400;1
8791;8791;0.27200;1
8801;8801;0.26500;1
8811;8811;0.26800;1
8821;8821;0.26900;1
8831;8831;0.27200;1
8841;8841;0.28500;1
8851;8851;0.30400;1
8861;8861;0.27700;1
8871;8871;0.27600;1
8881;8881;0.28500;1
8891;8891;0.27600;1
8901;8901;0.27700;1
8911;8911;0.28000;1
8921;8921;0.27600;1
8931;8931;0.30000;1
8941;8941;0.28000;1
8951;8951;0.28000;1
8961;8961;0.28400;1
8971;8971;0.28800;1
8981;8981;0.40400;1
8991;8991;0.28100;1
9001;9001;0.28100;1
9011;9011;0.28000;1
9021;9021;0.28400;1
9031;9031;0.34400;1
9041;9041;0.28400;1
9051;9051;0.28800;1
9061;9061;0.28400;1
9071;9071;0.28800;1
9081;9081;0.28400;1
9091;9091;0.28800;1
9101;9101;0.29200;1
9111;9111;0.28800;1
9121;9121;0.28800;1
9131;9131;0.28800;1
9141;9141;0.28800;1
9151;9151;0.29600;1
9161;9161;0.35600;1
9171;9171;0.32100;1
9181;9181;0.39700;1
9191;9191;0.29600;1
9201;9201;0.29200;1
9211;9211;0.29200;1
9221;9221;0.29600;1
9231;9231;0.38900;1
9241;9241;0.30100;1
9251;9251;0.29600;1
9261;9261;0.29600;1
9271;9271;0.30000;1
9281;9281;0.30500;1
9291;9291;0.29600;1
9301;9301;0.30000;1
9311;9311;0.29700;1
9321;9321;0.30800;1
9331;9331;0.30800;1
9341;9341;0.32100;1
9351;9351;0.40000;1
9361;9361;0.30400;1
9371;9371;0.30400;1
9381;9381;0.32400;1
9391;9391;0.32000;1
9401;9401;0.30400;1
9411;9411;0.30800;1
9421;9421;0.33200;1
9431;9431;0.30800;1
9441;9441;0.31300;1
9451;9451;0.34900;1
9461;9461;0.35200;1
9471;9471;0.31200;1
9481;9481;0.31200;1
9491;9491;0.32000;1
9501;9501;0.31200;1
9511;9511;0.34400;1
9521;9521;0.31600;1
9531;9531;0.42800;1
9541;9541;0.33200;1
9551;9551;0.32000;1
9561;9561;0.32000;1
9571;9571;0.32900;1
9581;9581;0.32000;1
9591;9591;0.32100;1
9601;9601;0.32800;1
9611;9611;0.32800;1
9621;9621;0.36000;1
9631;9631;0.32400;1
9641;9641;0.34800;1
9651;9651;0.32400;1
9661;9661;0.32900;1
9671;9671;0.34900;1
9681;9681;0.32800;1
9691;9691;0.38000;1
9701;9701;0.32800;1
9711;9711;0.34000;1
9721;9721;0.33200;1
9731;9731;0.36900;1
9741;9741;0.34000;1
9751;9751;0.33300;1
9761;9761;0.33300;1
9771;9771;0.33600;1
9781;9781;0.33200;1
9791;9791;0.33200;1
9801;9801;0.33200;1
9811;9811;0.33600;1
9821;9821;0.33300;1
9831;9831;0.39200;1
9841;9841;0.33700;1
9851;9851;0.34000;1
9861;9861;0.33600;1
9871;9871;0.36400;1
9881;9881;0.34100;1
9891;9891;0.42900;1
9901;9901;0.34100;1
9911;9911;0.42100;1
9921;9921;0.34400;1
9931;9931;0.34400;1
9941;9941;0.34100;1
9951;9951;0.47000;1
9961;9961;0.38000;1
9971;9971;0.37600;1
9981;9981;0.34100;1
9991;9991;0.38000;1
10001;10001;0.36000;1
10011;10011;0.35200;1
10021;10021;0.35200;1
10031;10031;0.36100;1
10041;10041;0.35200;1
10051;10051;0.36000;1
10061;10061;0.35200;1
10071;10071;0.35700;1
10081;10081;0.36400;1
10091;10091;0.36900;1
10101;10101;0.35300;1
10111;10111;0.35600;1
10121;10121;0.35600;1
10131;10131;0.36000;1
10141;10141;0.37200;1
10151;10151;0.35600;1
10161;10161;0.35700;1
10171;10171;0.36800;1
10181;10181;0.36100;1
10191;10191;0.41700;1
10201;10201;0.41700;1
10211;10211;0.36400;1
10221;10221;0.36500;1
10231;10231;0.38800;1
10241;10241;0.38800;1
10251;10251;0.36800;1
10261;10261;0.36400;1
10271;10271;0.37300;1
10281;10281;0.45200;1
10291;10291;0.38100;1
10301;10301;0.36800;1
10311;10311;0.36900;1
10321;10321;0.36800;1
10331;10331;0.47700;1
10341;10341;0.37600;1
10351;10351;0.57900;1
10361;10361;0.37200;1
10371;10371;0.37200;1
10381;10381;0.39200;1
10391;10391;0.37300;1
10401;10401;0.38100;1
10411;10411;0.37200;1
10421;10421;0.50800;1
10431;10431;0.42400;1
10441;10441;0.39200;1
10451;10451;0.42400;1
10461;10461;0.41200;1
10471;10471;0.38500;1
10481;10481;0.38800;1
10491;10491;0.44800;1
10501;10501;0.38400;1
10511;10511;0.41200;1
10521;10521;0.38000;1
10531;10531;0.38500;1
10541;10541;0.38800;1
10551;10551;0.38400;1
10561;10561;0.39600;1
10571;10571;0.39300;1
10581;10581;0.41700;1
10591;10591;0.38900;1
10601;10601;0.50900;1
10611;10611;0.39200;1
10621;10621;0.42400;1
10631;10631;0.39600;1
10641;10641;0.44800;1
10651;10651;0.51700;1
10661;10661;0.39300;1
10671;10671;0.40500;1
10681;10681;0.44400;1
10691;10691;0.39700;1
10701;10701;0.40000;1
10711;10711;0.40500;1
10721;10721;0.50600;1
10731;10731;0.41700;1
10741;10741;0.40400;1
10751;10751;0.39600;1
10761;10761;0.40500;1
10771;10771;0.40000;1
10781;10781;0.40500;1
10791;10791;0.41200;1
10801;10801;0.40500;1
10811;10811;0.40500;1
10821;10821;0.40800;1
10831;10831;0.41600;1
10841;10841;0.53700;1
10851;10851;0.40900;1
10861;10861;0.46000;1
10871;10871;0.41300;1
10881;10881;0.40800;1
10891;10891;0.44400;1
10901;10901;0.41300;1
10911;10911;0.42000;1
10921;10921;0.50500;1
10931;10931;0.41200;1
10941;10941;0.41700;1
10951;10951;0.41200;1
10961;10961;0.41600;1
10971;10971;0.43600;1
10981;10981;0.42400;1
10991;10991;0.42800;1
11001;11001;0.42100;1
11011;11011;0.42400;1
11021;11021;0.56100;1
11031;11031;0.42800;1
11041;11041;0.42400;1
11051;11051;0.42800;1
11061;11061;0.50800;1
11071;11071;0.49700;1
11081;11081;0.43600;1
11091;11091;0.50800;1
11101;11101;0.47600;1
11111;11111;0.43700;1
11121;11121;0.43600;1
11131;11131;0.48500;1
11141;11141;0.42900;1
11151;11151;0.43200;1
11161;11161;0.42900;1
11171;11171;0.43600;1
11181;11181;0.44500;1
11191;11191;0.43200;1
11201;11201;0.44400;1
11211;11211;0.56100;1
11221;11221;0.43600;1
11231;11231;0.43600;1
11241;11241;0.44500;1
11251;11251;0.44100;1
11261;11261;0.51200;1
11271;11271;0.44500;1
11281;11281;0.44800;1
11291;11291;0.48000;1
11301;11301;0.55300;1
11311;11311;0.44400;1
11321;11321;0.44800;1
11331;11331;0.51500;1
11341;11341;0.48400;1
11351;11351;0.44900;1
11361;11361;0.55700;1
11371;11371;0.44900;1
11381;11381;0.44500;1
11391;11391;0.57300;1
11401;11401;0.44800;1
11411;11411;0.45300;1
11421;11421;0.46100;1
11431;11431;0.46500;1
11441;11441;0.59300;1
11451;11451;0.52500;1
11461;11461;0.46000;1
11471;11471;0.50400;1
11481;11481;0.46100;1
11491;11491;0.57600;1
11501;11501;0.46400;1
11511;11511;0.45600;1
11521;11521;0.48400;1
11531;11531;0.46800;1
11541;11541;0.46000;1
11551;11551;0.46500;1
11561;11561;0.46100;1
11571;11571;0.46800;1
11581;11581;0.47700;1
11591;11591;0.57600;1
11601;11601;0.47300;1
11611;11611;0.47600;1
11621;11621;0.53700;1
11631;11631;0.52400;1
11641;11641;0.46800;1
11651;11651;0.53200;1
11661;11661;0.56900;1
11671;11671;0.46800;1
11681;11681;0.51600;1
11691;11691;0.48100;1
11701;11701;0.51200;1
11711;11711;0.48100;1
11721;11721;0.47700;1
11731;11731;0.48000;1
11741;11741;0.48100;1
11751;11751;0.47600;1
11761;11761;0.48900;1
11771;11771;0.49300;1
11781;11781;0.48800;1
11791;11791;0.57300;1
11801;11801;0.53600;1
11811;11811;0.48800;1
11821;11821;0.70400;1
11831;11831;0.48800;1
11841;11841;0.48500;1
11851;11851;0.49600;1
11861;11861;0.49300;1
11871;11871;0.48900;1
11881;11881;0.49300;1
11891;11891;0.48900;1
11901;11901;0.48800;1
11911;11911;0.60100;1
11921;11921;0.49600;1
11931;11931;0.49600;1
11941;11941;0.49200;1
11951;11951;0.64400;1
11961;11961;0.64000;1
11971;11971;0.49600;1
11981;11981;0.57900;1
11991;11991;0.51300;1
12001;12001;0.51200;1
12011;12011;0.55600;1
12021;12021;0.50000;1
12031;12031;0.51300;1
12041;12041;0.51200;1
12051;12051;0.54000;1
12061;12061;0.50500;1
12071;12071;0.50500;1
12081;12081;0.50900;1
12091;12091;0.51200;1
12101;12101;0.50800;1
12111;12111;0.55600;1
12121;12121;0.52900;1
12131;12131;0.51600;1
12141;12141;0.58800;1
12151;12151;0.52000;1
12161;12161;0.51600;1
12171;12171;0.51700;1
12181;12181;0.51600;1
12191;12191;0.52000;1
12201;12201;0.51600;1
12211;12211;0.51600;1
12221;12221;0.51600;1
12231;12231;0.52100;1
12241;12241;0.66100;1
12251;12251;0.52000;1
12261;12261;0.52500;1
12271;12271;0.58000;1
12281;12281;0.52000;1
12291;12291;0.64100;1
12301;12301;0.55600;1
12311;12311;0.53200;1
12321;12321;0.54000;1
12331;12331;0.54100;1
12341;12341;0.53200;1
12351;12351;0.66500;1
12361;12361;0.53200;1
12371;12371;0.53300;1
12381;12381;0.53700;1
12391;12391;0.53300;1
12401;12401;0.53200;1
12411;12411;0.67300;1
12421;12421;0.68500;1
12431;12431;0.56900;1
12441;12441;0.53700;1
12451;12451;0.53300;1
12461;12461;0.54000;1
12471;12471;0.54500;1
12481;12481;0.54500;1
12491;12491;0.55300;1
12501;12501;0.57700;1
12511;12511;0.54800;1
12521;12521;0.56100;1
12531;12531;0.55200;1
12541;12541;0.54400;1
12551;12551;0.54900;1
12561;12561;0.66100;1
12571;12571;0.55300;1
12581;12581;0.58400;1
12591;12591;0.57700;1
12601;12601;0.55300;1
12611;12611;0.54800;1
12621;12621;0.55300;1
12631;12631;0.56100;1
12641;12641;0.56000;1
12651;12651;0.55600;1
12661;12661;0.56400;1
12671;12671;0.58900;1
12681;12681;0.56400;1
12691;12691;0.57300;1
12701;12701;0.67600;1
12711;12711;0.60500;1
12721;12721;0.62100;1
12731;12731;0.58400;1
12741;12741;0.56800;1
12751;12751;0.56800;1
12761;12761;0.56500;1
12771;12771;0.56800;1
12781;12781;0.58100;1
12791;12791;0.70500;1
12801;12801;0.57600;1
12811;12811;0.57300;1
12821;12821;0.57600;1
12831;12831;0.57200;1
12841;12841;0.63300;1
12851;12851;0.57200;1
12861;12861;0.67600;1
12871;12871;0.57200;1
12881;12881;0.57700;1
12891;12891;0.60000;1
12901;12901;0.58400;1
12911;12911;0.59300;1
12921;12921;0.58500;1
12931;12931;0.68400;1
12941;12941;0.70000;1
12951;12951;0.66700;1
12961;12961;0.58800;1
12971;12971;0.69700;1
12981;12981;0.58500;1
12991;12991;0.66800;1
13001;13001;0.58900;1
13011;13011;0.60400;1
13021;13021;0.60000;1
13031;13031;0.59700;1
13041;13041;0.59300;1
13051;13051;0.59300;1
13061;13061;0.60000;1
13071;13071;0.60900;1
13081;13081;0.60500;1
13091;13091;0.59600;1
13101;13101;0.69300;1
13111;13111;0.61300;1
13121;13121;0.65300;1
13131;13131;0.59600;1
13141;13141;0.60400;1
13151;13151;0.59600;1
13161;13161;0.60500;1
13171;13171;0.61300;1
13181;13181;0.60400;1
13191;13191;0.61300;1
13201;13201;0.60800;1
13211;13211;0.60400;1
13221;13221;0.60900;1
13231;13231;0.66500;1
13241;13241;0.60800;1
13251;13251;0.60800;1
13261;13261;0.61700;1
13271;13271;0.61200;1
13281;13281;0.61200;1
13291;13291;0.61600;1
13301;13301;0.61700;1
13311;13311;0.61200;1
13321;13321;0.61300;1
13331;13331;0.61700;1
13341;13341;0.62900;1
13351;13351;0.70800;1
13361;13361;0.62900;1
13371;13371;0.72500;1
13381;13381;0.62000;1
13391;13391;0.62500;1
13401;13401;0.62900;1
13411;13411;0.62800;1
13421;13421;0.63200;1
13431;13431;0.62400;1
13441;13441;0.62500;1
13451;13451;0.63300;1
13461;13461;0.63600;1
13471;13471;0.82900;1
13481;13481;0.76000;1
13491;13491;0.72400;1
13501;13501;0.63200;1
13511;13511;0.64400;1
13521;13521;0.64500;1
13531;13531;0.64800;1
13541;13541;0.63300;1
13551;13551;0.64900;1
13561;13561;0.64100;1
13571;13571;0.64400;1
13581;13581;0.64900;1
13591;13591;0.81700;1
13601;13601;0.64500;1
13611;13611;0.79700;1
13621;13621;0.76000;1
13631;13631;0.76800;1
13641;13641;0.66500;1
13651;13651;0.67300;1
13661;13661;0.65700;1
13671;13671;0.65300;1
13681;13681;0.64900;1
13691;13691;0.64900;1
13701;13701;0.64900;1
13711;13711;0.70000;1
13721;13721;0.65700;1
13731;13731;0.78700;1
13741;13741;0.79000;1
13751;13751;0.66500;1
13761;13761;0.66100;1
13771;13771;0.66100;1
13781;13781;0.65600;1
13791;13791;0.66100;1
13801;13801;0.77700;1
13811;13811;0.84100;1
13821;13821;0.78800;1
13831;13831;0.75700;1
13841;13841;0.67300;1
13851;13851;0.77600;1
13861;13861;0.67200;1
13871;13871;0.67300;1
13881;13881;0.67200;1
13891;13891;0.68200;1
13901;13901;0.72400;1
13911;13911;0.67300;1
13921;13921;0.87300;1
13931;13931;0.68900;1
13941;13941;0.79700;1
13951;13951;0.67700;1
13961;13961;0.67100;1
13971;13971;0.67600;1
13981;13981;0.68500;1
13991;13991;0.68500;1
14001;14001;0.68100;1
14011;14011;0.68900;1
14021;14021;0.68500;1
14031;14031;0.78900;1
14041;14041;0.77300;1
14051;14051;0.68500;1
14061;14061;0.71000;1
14071;14071;0.69300;1
14081;14081;0.68800;1
14091;14091;0.68500;1
14101;14101;0.93700;1
14111;14111;0.69200;1
14121;14121;0.68900;1
14131;14131;0.83300;1
14141;14141;0.69700;1
14151;14151;0.79200;1
14161;14161;0.69400;1
14171;14171;0.69700;1
14181;14181;0.71300;1
14191;14191;0.70100;1
14201;14201;0.69700;1
14211;14211;0.70100;1
14221;14221;0.70500;1
14231;14231;0.70500;1
14241;14241;0.70500;1
14251;14251;0.78900;1
14261;14261;0.70400;1
14271;14271;0.71200;1
14281;14281;0.75300;1
14291;14291;0.72100;1
14301;14301;0.70800;1
14311;14311;0.71700;1
14321;14321;0.71200;1
14331;14331;0.71200;1
14341;14341;0.72400;1
14351;14351;0.79700;1
14361;14361;0.72500;1
14371;14371;0.73000;1
14381;14381;0.72000;1
14391;14391;0.72000;1
14401;14401;0.71700;1
14411;14411;0.72400;1
14421;14421;0.76500;1
14431;14431;0.77300;1
14441;14441;0.84500;1
14451;14451;0.72800;1
14461;14461;0.72800;1
14471;14471;0.72900;1
14481;14481;0.73200;1
14491;14491;0.72900;1
14501;14501;0.72900;1
14511;14511;0.77600;1
14521;14521;0.81500;1
14531;14531;0.87700;1
14541;14541;0.73600;1
14551;14551;0.74100;1
14561;14561;0.73700;1
14571;14571;0.73300;1
14581;14581;0.74500;1
14591;14591;0.86500;1
14601;14601;0.80900;1
14611;14611;0.74500;1
14621;14621;0.74800;1
14631;14631;0.74500;1
14641;14641;0.74400;1
14651;14651;0.74500;1
14661;14661;0.74400;1
14671;14671;0.79700;1
14681;14681;0.85600;1
14691;14691;0.74800;1
14701;14701;0.75300;1
14711;14711;0.74900;1
14721;14721;0.74800;1
14731;14731;0.75600;1
14741;14741;0.75700;1
14751;14751;0.76100;1
14761;14761;0.76800;1
14771;14771;0.76000;1
14781;14781;0.76100;1
14791;14791;0.76100;1
14801;14801;0.76500;1
14811;14811;0.78100;1
14821;14821;0.82100;1
14831;14831;0.80100;1
14841;14841;0.76000;1
14851;14851;0.76500;1
14861;14861;0.76900;1
14871;14871;0.76900;1
14881;14881;0.87200;1
14891;14891;0.77300;1
14901;14901;0.77600;1
14911;14911;0.77700;1
14921;14921;0.77600;1
14931;14931;0.77700;1
14941;14941;0.77700;1
14951;14951;0.76900;1
14961;14961;0.78800;1
14971;14971;0.86900;1
14981;14981;0.83300;1
14991;14991;0.78500;1
15001;15001;0.77700;1
15011;15011;0.78500;1
15021;15021;0.80100;1
15031;15031;0.80100;1
15041;15041;0.78800;1
15051;15051;0.86800;1
15061;15061;0.88400;1
15071;15071;0.79200;1
15081;15081;0.79700;1
15091;15091;0.79700;1
15101;15101;0.80800;1
15111;15111;0.80500;1
15121;15121;0.91700;1
15131;15131;0.80100;1
15141;15141;0.80500;1
15151;15151;0.80100;1
15161;15161;0.82000;1
15171;15171;0.80000;1
15181;15181;1.40800;1
15191;15191;0.80800;1
15201;15201;0.78900;1
15211;15211;0.72800;1
15221;15221;0.71700;1
15231;15231;0.73500;1
15241;15241;0.86700;1
15251;15251;0.73600;1
15261;15261;0.73700;1
15271;15271;0.74600;1
15281;15281;0.73600;1
15291;15291;0.73200;1
15301;15301;0.74200;1
15311;15311;0.75800;1
15321;15321;0.88200;1
15331;15331;0.73900;1
15341;15341;0.75900;1
15351;15351;0.74100;1
15361;15361;0.74000;1
15371;15371;0.86900;1
15381;15381;0.88800;1
15391;15391;0.89100;1
15401;15401;0.83800;1
15411;15411;0.90400;1
15421;15421;0.88800;1
15431;15431;0.81500;1
15441;15441;0.75000;1
15451;15451;0.77600;1
15461;15461;0.74900;1
15471;15471;0.89400;1
15481;15481;0.89600;1
15491;15491;0.90200;1
15501;15501;0.90100;1
15511;15511;0.89300;1
15521;15521;0.90200;1
15531;15531;0.83700;1
15541;15541;0.83900;1
15551;15551;1.07500;1
15561;15561;0.90800;1
15571;15571;0.89900;1
15581;15581;0.79400;1
15591;15591;0.87700;1
15601;15601;0.93000;1
15611;15611;0.84800;1
15621;15621;0.95700;1
15631;15631;0.87000;1
15641;15641;0.91900;1
15651;15651;1.00100;1
15661;15661;0.81900;1
15671;15671;0.85200;1
15681;15681;0.93000;1
15691;15691;0.89700;1
15701;15701;1.06500;1
15711;15711;0.87800;1
15721;15721;0.93300;1
15731;15731;0.96000;1
15741;15741;0.97000;1
15751;15751;1.26300;1
15761;15761;0.95600;1
15771;15771;0.93200;1
15781;15781;0.99100;1
15791;15791;0.98600;1
15801;15801;0.99700;1
15811;15811;0.97400;1
15821;15821;0.88900;1
15831;15831;0.92400;1
15841;15841;0.84100;1
15851;15851;0.95100;1
15861;15861;1.04600;1
15871;15871;0.99500;1
15881;15881;0.85700;1
15891;15891;1.02200;1
15901;15901;0.79700;1
15911;15911;0.96600;1
15921;15921;0.80000;1
15931;15931;0.93500;1
15941;15941;1.04200;1
15951;15951;0.99500;1
15961;15961;1.03700;1
15971;15971;0.81400;1
15981;15981;0.95100;1
15991;15991;0.99200;1
16001;16001;0.82800;1
16011;16011;0.88700;1
16021;16021;0.83800;1
16031;16031;0.84700;1
16041;16041;1.09400;1
16051;16051;0.98700;1
16061;16061;0.88700;1
16071;16071;0.84300;1
16081;16081;0.90200;1
16091;16091;0.84100;1
16101;16101;0.94900;1
16111;16111;0.82800;1
16121;16121;0.93800;1
16131;16131;0.88900;1
16141;16141;0.87300;1
16151;16151;1.00500;1
16161;16161;1.03800;1
16171;16171;0.97700;1
16181;16181;0.87400;1
16191;16191;0.85300;1
16201;16201;1.00400;1
16211;16211;0.96300;1
16221;16221;0.98800;1
16231;16231;0.83500;1
16241;16241;0.99900;1
16251;16251;0.93800;1
16261;16261;0.88800;1
16271;16271;0.84300;1
16281;16281;0.90200;1
16291;16291;0.91800;1
16301;16301;0.97600;1
16311;16311;0.93700;1
16321;16321;1.08900;1
16331;16331;0.85100;1
16341;16341;0.96300;1
16351;16351;0.91000;1
16361;16361;1.00400;1
16371;16371;0.97000;1
16381;16381;1.04900;1
16391;16391;1.02700;1
16401;16401;0.88100;1
16411;16411;0.86800;1
16421;16421;1.06800;1
16431;16431;0.96000;1
16441;16441;0.91800;1
16451;16451;0.88700;1
16461;16461;0.93800;1
16471;16471;0.89700;1
16481;16481;0.96700;1
16491;16491;0.88500;1
16501;16501;0.85000;1
16511;16511;0.91300;1
16521;16521;0.87600;1
16531;16531;0.85700;1
16541;16541;0.95600;1
16551;16551;0.87600;1
16561;16561;1.16700;1
16571;16571;1.05100;1
16581;16581;0.98900;1
16591;16591;1.05100;1
16601;16601;0.96600;1
16611;16611;0.85400;1
16621;16621;0.87900;1
16631;16631;0.86300;1
16641;16641;0.94500;1
16651;16651;0.86000;1
16661;16661;1.02400;1
16671;16671;0.89500;1
16681;16681;0.88000;1
16691;16691;0.86100;1
16701;16701;0.91800;1
16711;16711;0.87600;1
16721;16721;1.06600;1
16731;16731;0.87000;1
16741;16741;0.86500;1
16751;16751;0.87500;1
16761;16761;0.86900;1
16771;16771;0.87600;1
16781;16781;0.87300;1
16791;16791;0.93300;1
16801;16801;0.97800;1
16811;16811;0.92400;1
16821;16821;0.87100;1
16831;16831;0.88600;1
16841;16841;0.88200;1
16851;16851;0.87900;1
16861;16861;0.88300;1
16871;16871;0.96900;1
16881;16881;0.95700;1
16891;16891;0.95200;1
16901;16901;0.89200;1
16911;16911;0.97900;1
16921;16921;1.16000;1
16931;16931;1.11500;1
16941;16941;0.89300;1
16951;16951;1.07900;1
16961;16961;0.91100;1
16971;16971;0.93100;1
16981;16981;1.00500;1
16991;16991;1.03000;1
17001;17001;0.92900;1
17011;17011;0.91100;1
17021;17021;0.90800;1
17031;17031;0.90600;1
17041;17041;0.91200;1
17051;17051;1.02400;1
17061;17061;1.14600;1
17071;17071;1.21300;1
17081;17081;1.04500;1
17091;17091;1.30500;1
17101;17101;1.15600;1
17111;17111;1.05200;1
17121;17121;0.98500;1
17131;17131;0.90700;1
17141;17141;0.91800;1
17151;17151;0.97900;1
17161;17161;0.97000;1
17171;17171;1.02900;1
17181;17181;0.96200;1
17191;17191;0.91100;1
17201;17201;0.93300;1
17211;17211;1.13700;1
17221;17221;1.10900;1
17231;17231;1.16300;1
17241;17241;1.54100;1
17251;17251;1.20000;1
17261;17261;1.12700;1
17271;17271;1.12700;1
17281;17281;1.28400;1
17291;17291;1.12600;1
17301;17301;1.05700;1
17311;17311;1.12900;1
17321;17321;0.94800;1
17331;17331;0.94800;1
17341;17341;1.11000;1
17351;17351;1.18500;1
17361;17361;1.31800;1
17371;17371;1.15000;1
17381;17381;1.05900;1
17391;17391;1.16300;1
17401;17401;1.07700;1
17411;17411;1.01700;1
17421;17421;0.95400;1
17431;17431;0.97200;1
17441;17441;0.96000;1
17451;17451;0.95500;1
17461;17461;1.15500;1
17471;17471;0.95800;1
17481;17481;0.96200;1
17491;17491;1.26400;1
17501;17501;1.10000;1
17511;17511;0.97800;1
17521;17521;1.16300;1
17531;17531;1.20800;1
17541;17541;1.00300;1
17551;17551;1.05000;1
17561;17561;1.00600;1
17571;17571;0.97400;1
17581;17581;1.17900;1
17591;17591;1.17600;1
17601;17601;1.02400;1
17611;17611;0.97700;1
17621;17621;1.19100;1
17631;17631;1.02200;1
17641;17641;1.31000;1
17651;17651;0.97400;1
17661;17661;1.23000;1
17671;17671;1.21900;1
17681;17681;1.27300;1
17691;17691;1.18000;1
17701;17701;1.21200;1
17711;17711;1.01400;1
17721;17721;1.21900;1
17731;17731;1.11700;1
17741;17741;1.02600;1
17751;17751;1.23500;1
17761;17761;1.14300;1
17771;17771;1.02400;1
17781;17781;1.31300;1
17791;17791;1.13000;1
17801;17801;1.23900;1
17811;17811;1.23700;1
17821;17821;1.35600;1
17831;17831;2.33500;1
17841;17841;1.25500;1
17851;17851;1.45400;1
17861;17861;1.21000;1
17871;17871;1.27300;1
17881;17881;1.27100;1
17891;17891;1.18200;1
17901;17901;1.02200;1
17911;17911;1.22800;1
17921;17921;1.05100;1
17931;17931;1.26300;1
17941;17941;1.18600;1
17951;17951;1.16100;1
17961;17961;1.02600;1
17971;17971;1.05500;1
17981;17981;1.54600;1
17991;17991;1.24800;1
18001;18001;1.12200;1
18011;18011;1.21900;1
18021;18021;1.07200;1
18031;18031;1.06900;1
18041;18041;1.34900;1
18051;18051;1.26500;1
18061;18061;1.30700;1
18071;18071;1.29000;1
18081;18081;1.02900;1
18091;18091;1.07900;1
18101;18101;1.12900;1
18111;18111;1.47100;1
18121;18121;1.29100;1
18131;18131;1.12600;1
18141;18141;1.19600;1
18151;18151;1.19200;1
18161;18161;1.16200;1
18171;18171;1.03700;1
18181;18181;1.22900;1
18191;18191;1.04600;1
18201;18201;1.29400;1
18211;18211;1.05100;1
18221;18221;1.20900;1
18231;18231;1.07700;1
18241;18241;1.07000;1
18251;18251;1.05100;1
18261;18261;1.29400;1
18271;18271;1.29000;1
18281;18281;1.16400;1
18291;18291;1.26500;1
18301;18301;1.35000;1
18311;18311;1.11900;1
18321;18321;1.05300;1
18331;18331;1.28000;1
18341;18341;1.05500;1
18351;18351;1.06300;1
18361;18361;1.05300;1
18371;18371;1.20400;1
18381;18381;1.06000;1
18391;18391;1.05800;1
18401;18401;1.06400;1
18411;18411;1.07900;1
18421;18421;1.35400;1
18431;18431;1.15800;1
18441;18441;1.06800;1
18451;18451;1.14200;1
18461;18461;1.10500;1
18471;18471;1.22200;1
18481;18481;1.09700;1
18491;18491;1.24600;1
18501;18501;1.23900;1
18511;18511;1.11600;1
18521;18521;1.29600;1
18531;18531;1.74100;1
18541;18541;2.07900;1
18551;18551;1.32400;1
18561;18561;1.51700;1
18571;18571;1.40900;1
18581;18581;1.39100;1
18591;18591;1.48200;1
18601;18601;1.16300;1
18611;18611;1.17300;1
18621;18621;1.30200;1
18631;18631;2.38800;1
18641;18641;1.41400;1
18651;18651;1.34400;1
18661;18661;1.15100;1
18671;18671;1.17200;1
18681;18681;1.21100;1
18691;18691;1.46100;1
18701;18701;1.43200;1
18711;18711;1.37300;1
18721;18721;1.35800;1
18731;18731;1.48900;1
18741;18741;1.39500;1
18751;18751;1.32900;1
18761;18761;1.37900;1
18771;18771;1.32700;1
18781;18781;1.12100;1
18791;18791;1.39600;1
18801;18801;1.47400;1
18811;18811;1.40700;1
18821;18821;1.37300;1
18831;18831;1.34900;1
18841;18841;1.33500;1
18851;18851;1.65600;1
18861;18861;1.33400;1
18871;18871;1.34200;1
18881;18881;1.30100;1
18891;18891;1.17700;1
18901;18901;1.41000;1
18911;18911;1.57900;1
18921;18921;1.39400;1
18931;18931;1.17300;1
18941;18941;1.27500;1
18951;18951;1.17600;1
18961;18961;1.34300;1
18971;18971;1.35700;1
18981;18981;1.19500;1
18991;18991;1.16000;1
19001;19001;1.26400;1
19011;19011;1.40000;1
19021;19021;1.41500;1
19031;19031;1.45600;1
19041;19041;1.41600;1
19051;19051;1.52000;1
19061;19061;1.58400;1
19071;19071;1.55800;1
19081;19081;1.40900;1
19091;19091;1.18600;1
19101;19101;1.28400;1
19111;19111;1.37000;1
19121;19121;1.28300;1
19131;19131;1.37900;1
19141;19141;1.20300;1
19151;19151;1.30600;1
19161;19161;1.39700;1
19171;19171;1.31000;1
19181;19181;1.68300;1
19191;19191;1.27600;1
19201;19201;1.47500;1
19211;19211;1.23300;1
19221;19221;1.33700;1
19231;19231;1.43900;1
19241;19241;1.51300;1
19251;19251;1.27200;1
19261;19261;1.29700;1
19271;19271;1.25400;1
19281;19281;1.67100;1
19291;19291;1.50600;1
19301;19301;1.40600;1
19311;19311;1.23100;1
19321;19321;1.48500;1
19331;19331;1.33000;1
19341;19341;1.31700;1
19351;19351;1.46200;1
19361;19361;1.24600;1
19371;19371;1.41400;1
19381;19381;1.53800;1
19391;19391;1.26400;1
19401;19401;1.54100;1
19411;19411;1.25100;1
19421;19421;1.59900;1
19431;19431;1.44800;1
19441;19441;1.23400;1
19451;19451;1.50400;1
19461;19461;1.46700;1
19471;19471;1.68500;1
19481;19481;1.51300;1
19491;19491;1.62700;1
19501;19501;1.26900;1
19511;19511;1.56800;1
19521;19521;1.24300;1
19531;19531;1.82300;1
19541;19541;1.25700;1
19551;19551;1.46300;1
19561;19561;1.48300;1
19571;19571;1.48700;1
19581;19581;1.48700;1
19591;19591;1.41500;1
19601;19601;1.28500;1
19611;19611;1.39100;1
19621;19621;1.26800;1
19631;19631;1.38900;1
19641;19641;1.20900;1
19651;19651;1.66900;1
19661;19661;1.65300;1
19671;19671;1.50600;1
19681;19681;1.71500;1
19691;19691;1.51800;1
19701;19701;1.46800;1
19711;19711;1.35100;1
19721;19721;1.48000;1
19731;19731;1.50900;1
19741;19741;1.48700;1
19751;19751;1.72800;1
19761;19761;1.52900;1
19771;19771;1.58000;1
19781;19781;1.44300;1
19791;19791;1.52200;1
19801;19801;1.36400;1
19811;19811;1.34000;1
19821;19821;1.50900;1
19831;19831;1.54900;1
19841;19841;1.51000;1
19851;19851;1.53800;1
19861;19861;1.51000;1
19871;19871;1.54900;1
19881;19881;1.57000;1
19891;19891;1.47900;1
19901;19901;1.59900;1
19911;19911;1.48900;1
19921;19921;1.58700;1
19931;19931;1.49400;1
19941;19941;1.61300;1
19951;19951;1.59900;1
19961;19961;1.54300;1
19971;19971;2.02800;1
19981;19981;1.58200;1
19991;19991;1.51600;1
20001;20001;1.55600;1
20011;20011;2.29800;1
20021;20021;1.78100;1
20031;20031;1.57000;1
20041;20041;1.77400;1
20051;20051;1.53500;1
20061;20061;1.56700;1
20071;20071;1.73000;1
20081;20081;1.54100;1
20091;20091;1.62100;1
20101;20101;1.56400;1
20111;20111;1.48700;1
20121;20121;1.60100;1
20131;20131;1.80100;1
20141;20141;1.53500;1
20151;20151;1.93100;1
20161;20161;1.48200;1
20171;20171;1.54000;1
20181;20181;1.53400;1
20191;20191;1.53400;1
20201;20201;1.46700;1
20211;20211;1.48100;1
20221;20221;1.40700;1
20231;20231;1.54300;1
20241;20241;1.56900;1
20251;20251;1.56300;1
