1;1; 0.00;0
11;11; 0.00;0
21;21; 0.00;0
31;31; 0.00;0
41;41; 0.00;0
51;51; 0.00;0
61;61; 0.00;0
71;71; 0.00;0
81;81; 0.00;0
91;91; 0.00;0
101;101; 0.00;0
111;111; 0.00;0
121;121; 0.00;0
131;131; 0.00;0
141;141; 0.00;0
151;151; 0.00;0
161;161; 0.00;0
171;171; 0.00;0
181;181; 0.00;0
191;191; 0.00;0
201;201; 0.00;0
211;211; 0.00;0
221;221; 0.00;0
231;231; 0.00;0
241;241; 0.00;0
251;251; 0.00;0
261;261; 0.00;0
271;271; 0.00;0
281;281; 0.00;0
291;291; 0.00;0
301;301; 0.00;0
311;311; 0.00;0
321;321; 0.00;0
331;331; 0.00;0
341;341; 0.00;0
351;351; 0.00;0
361;361; 0.00;0
371;371; 0.00;0
381;381; 0.00;0
391;391; 0.00;0
401;401; 0.00;0
411;411; 0.00;0
421;421; 0.00;0
431;431; 0.01;0
441;441; 0.00;0
451;451; 0.00;0
461;461; 0.00;0
471;471; 0.00;0
481;481; 0.00;0
491;491; 0.00;0
501;501; 0.01;0
511;511; 0.00;0
521;521; 0.00;0
531;531; 0.00;0
541;541; 0.00;0
551;551; 0.00;0
561;561; 0.00;0
571;571; 0.00;0
581;581; 0.00;0
591;591; 0.00;0
601;601; 0.00;0
611;611; 0.00;0
621;621; 0.00;0
631;631; 0.00;0
641;641; 0.00;0
651;651; 0.00;0
661;661; 0.00;0
671;671; 0.00;0
681;681; 0.00;0
691;691; 0.00;0
701;701; 0.00;0
711;711; 0.00;0
721;721; 0.00;0
731;731; 0.00;0
741;741; 0.00;0
751;751; 0.00;0
761;761; 0.01;0
771;771; 0.01;0
781;781; 0.01;0
791;791; 0.01;0
801;801; 0.01;0
811;811; 0.01;0
821;821; 0.01;0
831;831; 0.01;0
841;841; 0.01;0
851;851; 0.01;0
861;861; 0.01;0
871;871; 0.01;0
881;881; 0.01;0
891;891; 0.01;0
901;901; 0.01;0
911;911; 0.01;0
921;921; 0.01;0
931;931; 0.01;0
941;941; 0.01;0
951;951; 0.01;0
961;961; 0.01;0
971;971; 0.01;0
981;981; 0.01;0
991;991; 0.01;0
1001;1001; 0.01;0
1011;1011; 0.01;0
1021;1021; 0.01;0
1031;1031; 0.01;0
1041;1041; 0.01;0
1051;1051; 0.01;0
1061;1061; 0.01;0
1071;1071; 0.02;0
1081;1081; 0.01;0
1091;1091; 0.01;0
1101;1101; 0.01;0
1111;1111; 0.01;0
1121;1121; 0.01;0
1131;1131; 0.01;0
1141;1141; 0.01;0
1151;1151; 0.01;0
1161;1161; 0.01;0
1171;1171; 0.01;0
1181;1181; 0.01;0
1191;1191; 0.01;0
1201;1201; 0.01;0
1211;1211; 0.01;0
1221;1221; 0.01;0
1231;1231; 0.01;0
1241;1241; 0.01;0
1251;1251; 0.02;0
1261;1261; 0.01;0
1271;1271; 0.02;0
1281;1281; 0.01;0
1291;1291; 0.02;0
1301;1301; 0.02;0
1311;1311; 0.02;0
1321;1321; 0.02;0
1331;1331; 0.01;0
1341;1341; 0.02;0
1351;1351; 0.01;0
1361;1361; 0.02;0
1371;1371; 0.02;0
1381;1381; 0.02;0
1391;1391; 0.02;0
1401;1401; 0.02;0
1411;1411; 0.02;0
1421;1421; 0.02;0
1431;1431; 0.02;0
1441;1441; 0.02;0
1451;1451; 0.02;0
1461;1461; 0.02;0
1471;1471; 0.02;0
1481;1481; 0.02;0
1491;1491; 0.02;0
1501;1501; 0.02;0
1511;1511; 0.02;0
1521;1521; 0.02;0
1531;1531; 0.03;0
1541;1541; 0.02;0
1551;1551; 0.02;0
1561;1561; 0.02;0
1571;1571; 0.02;0
1581;1581; 0.02;0
1591;1591; 0.02;0
1601;1601; 0.02;0
1611;1611; 0.02;0
1621;1621; 0.03;0
1631;1631; 0.04;0
1641;1641; 0.05;0
1651;1651; 0.04;0
1661;1661; 0.05;0
1671;1671; 0.03;0
1681;1681; 0.04;0
1691;1691; 0.03;0
1701;1701; 0.04;0
1711;1711; 0.04;0
1721;1721; 0.04;0
1731;1731; 0.03;0
1741;1741; 0.04;0
1751;1751; 0.05;0
1761;1761; 0.05;0
1771;1771; 0.05;0
1781;1781; 0.05;0
1791;1791; 0.04;0
1801;1801; 0.05;0
1811;1811; 0.05;0
1821;1821; 0.08;0
1831;1831; 0.14;0
1841;1841; 0.13;0
1851;1851; 0.07;0
1861;1861; 0.14;0
1871;1871; 0.06;0
1881;1881; 0.08;0
1891;1891; 0.20;0
1901;1901; 0.08;0
1911;1911; 0.07;0
1921;1921; 0.05;0
1931;1931; 0.07;0
1941;1941; 0.05;0
1951;1951; 0.05;0
1961;1961; 0.05;0
1971;1971; 0.05;0
1981;1981; 0.05;0
1991;1991; 0.05;0
2001;2001; 0.06;0
2011;2011; 0.09;0
2021;2021; 0.10;0
2031;2031; 0.11;0
2041;2041; 0.07;0
2051;2051; 0.06;0
2061;2061; 0.06;0
2071;2071; 0.06;0
2081;2081; 0.06;0
2091;2091; 0.07;0
2101;2101; 0.07;0
2111;2111; 0.07;0
2121;2121; 0.07;0
2131;2131; 0.08;0
2141;2141; 0.08;0
2151;2151; 0.12;0
2161;2161; 0.05;0
2171;2171; 0.06;0
2181;2181; 0.06;0
2191;2191; 0.07;0
2201;2201; 0.07;0
2211;2211; 0.07;0
2221;2221; 0.08;0
2231;2231; 0.08;0
2241;2241; 0.08;0
2251;2251; 0.08;0
2261;2261; 0.08;0
2271;2271; 0.08;0
2281;2281; 0.08;0
2291;2291; 0.12;0
2301;2301; 0.06;0
2311;2311; 0.08;0
2321;2321; 0.08;0
2331;2331; 0.08;0
2341;2341; 0.08;0
2351;2351; 0.08;0
2361;2361; 0.09;0
2371;2371; 0.12;0
2381;2381; 0.08;0
2391;2391; 0.09;0
2401;2401; 0.09;0
2411;2411; 0.09;0
2421;2421; 0.09;0
2431;2431; 0.24;0
2441;2441; 0.19;0
2451;2451; 0.12;0
2461;2461; 0.13;0
2471;2471; 0.11;0
2481;2481; 0.13;0
2491;2491; 0.12;0
2501;2501; 0.09;0
2511;2511; 0.09;0
2521;2521; 0.10;0
2531;2531; 0.09;0
2541;2541; 0.10;0
2551;2551; 0.39;0
2561;2561; 0.10;0
2571;2571; 0.10;0
2581;2581; 0.09;0
2591;2591; 0.10;0
2601;2601; 0.09;0
2611;2611; 0.09;0
2621;2621; 0.09;0
2631;2631; 0.10;0
2641;2641; 0.10;0
2651;2651; 0.09;0
2661;2661; 0.10;0
2671;2671; 0.09;0
2681;2681; 0.10;0
2691;2691; 0.10;0
2701;2701; 0.09;0
2711;2711; 0.11;0
2721;2721; 0.10;0
2731;2731; 0.12;0
2741;2741; 0.10;0
2751;2751; 0.11;0
2761;2761; 0.10;0
2771;2771; 0.12;0
2781;2781; 0.10;0
2791;2791; 0.11;0
2801;2801; 0.10;0
2811;2811; 0.11;0
2821;2821; 0.12;0
2831;2831; 0.11;0
2841;2841; 0.17;0
2851;2851; 0.15;0
2861;2861; 0.14;0
2871;2871; 0.11;0
2881;2881; 0.11;0
2891;2891; 0.15;0
2901;2901; 0.14;0
2911;2911; 0.12;0
2921;2921; 0.13;0
2931;2931; 0.12;0
2941;2941; 0.13;0
2951;2951; 0.18;0
2961;2961; 0.18;0
2971;2971; 0.16;0
2981;2981; 0.13;0
2991;2991; 0.34;0
3001;3001; 0.12;0
3011;3011; 0.13;0
3021;3021; 0.13;0
3031;3031; 0.12;0
3041;3041; 0.14;0
3051;3051; 0.15;0
3061;3061; 0.14;0
3071;3071; 0.14;0
3081;3081; 0.14;0
3091;3091; 0.14;0
3101;3101; 0.36;0
3111;3111; 0.20;0
3121;3121; 0.21;0
3131;3131; 0.16;0
3141;3141; 0.15;0
3151;3151; 0.18;0
3161;3161; 0.16;0
3171;3171; 0.25;0
3181;3181; 0.18;0
3191;3191; 0.17;0
3201;3201; 0.16;0
3211;3211; 0.16;0
3221;3221; 0.15;0
3231;3231; 0.16;0
3241;3241; 0.16;0
3251;3251; 0.19;0
3261;3261; 0.17;0
3271;3271; 0.16;0
3281;3281; 0.16;0
3291;3291; 0.16;0
3301;3301; 0.18;0
3311;3311; 0.17;0
3321;3321; 0.17;0
3331;3331; 0.18;0
3341;3341; 0.17;0
3351;3351; 0.16;0
3361;3361; 0.16;0
3371;3371; 0.16;0
3381;3381; 0.16;0
3391;3391; 0.17;0
3401;3401; 0.16;0
3411;3411; 0.16;0
3421;3421; 0.17;0
3431;3431; 0.16;0
3441;3441; 0.17;0
3451;3451; 0.18;0
3461;3461; 0.17;0
3471;3471; 0.17;0
3481;3481; 0.29;0
3491;3491; 0.17;0
3501;3501; 0.17;0
3511;3511; 0.18;0
3521;3521; 0.17;0
3531;3531; 0.19;0
3541;3541; 0.18;0
3551;3551; 0.19;0
3561;3561; 0.18;0
3571;3571; 0.22;0
3581;3581; 0.18;0
3591;3591; 0.18;0
3601;3601; 0.18;0
3611;3611; 0.18;0
3621;3621; 0.20;0
3631;3631; 0.18;0
3641;3641; 0.20;0
3651;3651; 0.19;0
3661;3661; 0.19;0
3671;3671; 0.20;0
3681;3681; 0.20;0
3691;3691; 0.19;0
3701;3701; 0.19;0
3711;3711; 0.20;0
3721;3721; 0.19;0
3731;3731; 0.19;0
3741;3741; 0.19;0
3751;3751; 0.20;0
3761;3761; 0.20;0
3771;3771; 0.20;0
3781;3781; 0.21;0
3791;3791; 0.20;0
3801;3801; 0.20;0
3811;3811; 0.21;0
3821;3821; 0.20;0
3831;3831; 0.21;0
3841;3841; 0.21;0
3851;3851; 0.21;0
3861;3861; 0.21;0
3871;3871; 0.22;0
3881;3881; 0.21;0
3891;3891; 0.21;0
3901;3901; 0.21;0
3911;3911; 0.23;0
3921;3921; 0.21;0
3931;3931; 0.22;0
3941;3941; 0.22;0
3951;3951; 0.22;0
3961;3961; 0.22;0
3971;3971; 0.23;0
3981;3981; 0.22;0
3991;3991; 0.22;0
4001;4001; 0.22;0
4011;4011; 0.23;0
4021;4021; 0.23;0
4031;4031; 0.23;0
4041;4041; 0.22;0
4051;4051; 0.23;0
4061;4061; 0.23;0
4071;4071; 0.23;0
4081;4081; 0.35;0
4091;4091; 0.23;0
4101;4101; 0.23;0
4111;4111; 0.24;0
4121;4121; 0.23;0
4131;4131; 0.24;0
4141;4141; 0.24;0
4151;4151; 0.26;0
4161;4161; 0.24;0
4171;4171; 0.24;0
4181;4181; 0.24;0
4191;4191; 0.25;0
4201;4201; 0.25;0
4211;4211; 0.25;0
4221;4221; 0.25;0
4231;4231; 0.26;0
4241;4241; 0.25;0
4251;4251; 0.26;0
4261;4261; 0.26;0
4271;4271; 0.25;0
4281;4281; 0.26;0
4291;4291; 0.27;0
4301;4301; 0.26;0
4311;4311; 0.26;0
4321;4321; 0.26;0
4331;4331; 0.26;0
4341;4341; 0.26;0
4351;4351; 0.26;0
4361;4361; 0.26;0
4371;4371; 0.27;0
4381;4381; 0.27;0
4391;4391; 0.27;0
4401;4401; 0.27;0
4411;4411; 0.27;0
4421;4421; 0.27;0
4431;4431; 0.28;0
4441;4441; 0.28;0
4451;4451; 0.27;0
4461;4461; 0.28;0
4471;4471; 0.27;0
4481;4481; 0.27;0
4491;4491; 0.37;0
4501;4501; 0.32;0
4511;4511; 0.29;0
4521;4521; 0.29;0
4531;4531; 0.28;0
4541;4541; 0.29;0
4551;4551; 0.30;0
4561;4561; 0.29;0
4571;4571; 0.29;0
4581;4581; 0.32;0
4591;4591; 0.30;0
4601;4601; 0.30;0
4611;4611; 0.30;0
4621;4621; 0.30;0
4631;4631; 0.31;0
4641;4641; 0.30;0
4651;4651; 0.32;0
4661;4661; 0.31;0
4671;4671; 0.31;0
4681;4681; 0.40;0
4691;4691; 0.31;0
4701;4701; 0.31;0
4711;4711; 0.32;0
4721;4721; 0.34;0
4731;4731; 0.44;0
4741;4741; 0.32;0
4751;4751; 0.32;0
4761;4761; 0.33;0
4771;4771; 0.32;0
4781;4781; 0.35;0
4791;4791; 0.33;0
4801;4801; 0.46;0
4811;4811; 0.33;0
4821;4821; 0.33;0
4831;4831; 0.32;0
4841;4841; 0.34;0
4851;4851; 0.35;0
4861;4861; 0.34;0
4871;4871; 0.34;0
4881;4881; 0.33;0
4891;4891; 0.34;0
4901;4901; 0.35;0
4911;4911; 0.34;0
4921;4921; 0.35;0
4931;4931; 0.35;0
4941;4941; 0.34;0
4951;4951; 0.35;0
4961;4961; 0.34;0
4971;4971; 0.35;0
4981;4981; 0.35;0
4991;4991; 0.35;0
5001;5001; 0.35;0
5011;5011; 0.35;0
5021;5021; 0.37;0
5031;5031; 0.36;0
5041;5041; 0.40;0
5051;5051; 0.37;0
5061;5061; 0.37;0
5071;5071; 0.37;0
5081;5081; 0.36;0
5091;5091; 0.36;0
5101;5101; 0.37;0
5111;5111; 0.37;0
5121;5121; 0.37;0
5131;5131; 0.40;0
5141;5141; 0.39;0
5151;5151; 0.38;0
5161;5161; 0.39;0
5171;5171; 0.38;0
5181;5181; 0.38;0
5191;5191; 0.42;0
5201;5201; 0.40;0
5211;5211; 0.39;0
5221;5221; 0.40;0
5231;5231; 0.51;0
5241;5241; 0.40;0
5251;5251; 0.41;0
5261;5261; 0.39;0
5271;5271; 0.41;0
5281;5281; 0.42;0
5291;5291; 0.38;0
5301;5301; 0.45;0
5311;5311; 0.38;0
5321;5321; 0.39;0
5331;5331; 0.39;0
5341;5341; 0.41;0
5351;5351; 0.40;0
5361;5361; 0.40;0
5371;5371; 0.40;0
5381;5381; 0.49;0
5391;5391; 0.39;0
5401;5401; 0.41;0
5411;5411; 0.41;0
5421;5421; 0.40;0
5431;5431; 0.39;0
5441;5441; 0.51;0
5451;5451; 0.42;0
5461;5461; 0.48;0
5471;5471; 0.41;0
5481;5481; 0.42;0
5491;5491; 0.42;0
5501;5501; 0.42;0
5511;5511; 0.41;0
5521;5521; 0.42;0
5531;5531; 0.42;0
5541;5541; 0.42;0
5551;5551; 0.43;0
5561;5561; 0.43;0
5571;5571; 0.42;0
5581;5581; 0.42;0
5591;5591; 0.42;0
5601;5601; 0.42;0
5611;5611; 0.42;0
5621;5621; 0.43;0
5631;5631; 0.43;0
5641;5641; 0.43;0
5651;5651; 0.42;0
5661;5661; 0.42;0
5671;5671; 0.44;0
5681;5681; 0.43;0
5691;5691; 0.44;0
5701;5701; 0.43;0
5711;5711; 0.44;0
5721;5721; 0.44;0
5731;5731; 0.44;0
5741;5741; 0.44;0
5751;5751; 0.45;0
5761;5761; 0.44;0
5771;5771; 0.45;0
5781;5781; 0.45;0
5791;5791; 0.56;0
5801;5801; 0.45;0
5811;5811; 0.45;0
5821;5821; 0.46;0
5831;5831; 0.47;0
5841;5841; 0.45;0
5851;5851; 0.46;0
5861;5861; 0.51;0
5871;5871; 0.47;0
5881;5881; 0.45;0
5891;5891; 0.47;0
5901;5901; 0.49;0
5911;5911; 0.47;0
5921;5921; 0.47;0
5931;5931; 0.47;0
5941;5941; 0.47;0
5951;5951; 0.47;0
5961;5961; 0.48;0
5971;5971; 0.49;0
5981;5981; 0.50;0
5991;5991; 0.49;0
6001;6001; 0.48;0
6011;6011; 0.48;0
6021;6021; 0.48;0
6031;6031; 0.48;0
6041;6041; 0.50;0
6051;6051; 0.50;0
6061;6061; 0.50;0
6071;6071; 0.50;0
6081;6081; 0.52;0
6091;6091; 0.50;0
6101;6101; 0.50;0
6111;6111; 0.50;0
6121;6121; 0.50;0
6131;6131; 0.51;0
6141;6141; 0.51;0
6151;6151; 0.51;0
6161;6161; 0.51;0
6171;6171; 0.52;0
6181;6181; 0.52;0
6191;6191; 0.51;0
6201;6201; 0.68;0
6211;6211; 0.67;0
6221;6221; 0.53;0
6231;6231; 0.52;0
6241;6241; 0.53;0
6251;6251; 0.53;0
6261;6261; 0.57;0
6271;6271; 1.16;0
6281;6281; 0.62;0
6291;6291; 0.68;0
6301;6301; 0.65;0
6311;6311; 0.55;0
6321;6321; 0.57;0
6331;6331; 0.55;0
6341;6341; 0.57;0
6351;6351; 0.58;0
6361;6361; 0.67;0
6371;6371; 0.56;0
6381;6381; 0.55;0
6391;6391; 0.55;0
6401;6401; 0.55;0
6411;6411; 0.56;0
6421;6421; 0.56;0
6431;6431; 0.55;0
6441;6441; 0.56;0
6451;6451; 0.56;0
6461;6461; 0.61;0
6471;6471; 0.58;0
6481;6481; 0.57;0
6491;6491; 0.57;0
6501;6501; 0.58;0
6511;6511; 0.58;0
6521;6521; 0.58;0
6531;6531; 0.57;0
6541;6541; 0.59;0
6551;6551; 0.60;0
6561;6561; 0.58;0
6571;6571; 0.61;0
6581;6581; 0.63;0
6591;6591; 0.85;0
6601;6601; 0.60;0
6611;6611; 0.60;0
6621;6621; 0.62;0
6631;6631; 0.60;0
6641;6641; 0.59;0
6651;6651; 0.61;0
6661;6661; 0.60;0
6671;6671; 0.60;0
6681;6681; 0.63;0
6691;6691; 0.66;0
6701;6701; 0.61;0
6711;6711; 0.61;0
6721;6721; 0.63;0
6731;6731; 0.61;0
6741;6741; 0.62;0
6751;6751; 0.64;0
6761;6761; 0.62;0
6771;6771; 0.64;0
6781;6781; 0.63;0
6791;6791; 0.63;0
6801;6801; 0.63;0
6811;6811; 0.64;0
6821;6821; 0.63;0
6831;6831; 0.63;0
6841;6841; 0.64;0
6851;6851; 0.65;0
6861;6861; 0.65;0
6871;6871; 0.69;0
6881;6881; 0.65;0
6891;6891; 0.65;0
6901;6901; 0.65;0
6911;6911; 0.65;0
6921;6921; 0.66;0
6931;6931; 0.68;0
6941;6941; 0.66;0
6951;6951; 0.67;0
6961;6961; 0.66;0
6971;6971; 0.67;0
6981;6981; 0.69;0
6991;6991; 0.67;0
7001;7001; 0.69;0
7011;7011; 0.69;0
7021;7021; 0.69;0
7031;7031; 0.68;0
7041;7041; 0.71;0
7051;7051; 0.73;0
7061;7061; 0.73;0
7071;7071; 0.68;0
7081;7081; 0.68;0
7091;7091; 0.81;0
7101;7101; 0.71;0
7111;7111; 0.71;0
7121;7121; 0.70;0
7131;7131; 0.70;0
7141;7141; 0.72;0
7151;7151; 0.71;0
7161;7161; 0.76;0
7171;7171; 0.70;0
7181;7181; 0.71;0
7191;7191; 0.71;0
7201;7201; 0.71;0
7211;7211; 0.72;0
7221;7221; 0.72;0
7231;7231; 0.73;0
7241;7241; 0.72;0
7251;7251; 0.72;0
7261;7261; 0.74;0
7271;7271; 0.73;0
7281;7281; 0.80;0
7291;7291; 0.74;0
7301;7301; 0.74;0
7311;7311; 0.74;0
7321;7321; 0.74;0
7331;7331; 0.74;0
7341;7341; 0.74;0
7351;7351; 0.78;0
7361;7361; 0.77;0
7371;7371; 0.78;0
7381;7381; 0.80;0
7391;7391; 0.81;0
7401;7401; 0.81;0
7411;7411; 0.76;0
7421;7421; 0.87;0
7431;7431; 0.82;0
7441;7441; 0.86;0
7451;7451; 0.79;0
7461;7461; 0.77;0
7471;7471; 1.09;0
7481;7481; 0.80;0
7491;7491; 0.79;0
7501;7501; 0.81;0
7511;7511; 0.79;0
7521;7521; 1.21;0
7531;7531; 0.78;0
7541;7541; 0.80;0
7551;7551; 1.00;0
7561;7561; 1.08;0
7571;7571; 0.86;0
7581;7581; 0.85;0
7591;7591; 0.85;0
7601;7601; 0.95;0
7611;7611; 0.96;0
7621;7621; 0.87;0
7631;7631; 1.99;0
7641;7641; 1.31;0
7651;7651; 1.47;0
7661;7661; 1.92;0
7671;7671; 0.96;0
7681;7681; 1.01;0
7691;7691; 0.87;0
7701;7701; 0.87;0
7711;7711; 0.95;0
7721;7721; 1.42;0
7731;7731; 0.92;0
7741;7741; 0.88;0
7751;7751; 1.87;0
7761;7761; 1.15;0
7771;7771; 1.00;0
7781;7781; 0.93;0
7791;7791; 0.92;0
7801;7801; 0.90;0
7811;7811; 0.91;0
7821;7821; 0.90;0
7831;7831; 0.99;0
7841;7841; 0.90;0
7851;7851; 0.92;0
7861;7861; 0.90;0
7871;7871; 0.96;0
7881;7881; 0.95;0
7891;7891; 0.97;0
7901;7901; 0.93;0
7911;7911; 0.94;0
7921;7921; 1.07;0
7931;7931; 0.97;0
7941;7941; 0.96;0
7951;7951; 0.95;0
7961;7961; 1.04;0
7971;7971; 0.98;0
7981;7981; 0.97;0
7991;7991; 0.98;0
8001;8001; 1.03;0
8011;8011; 1.44;0
8021;8021; 1.25;0
8031;8031; 0.98;0
8041;8041; 1.08;0
8051;8051; 0.98;0
8061;8061; 1.05;0
8071;8071; 1.42;0
8081;8081; 0.99;0
8091;8091; 1.07;0
8101;8101; 1.08;0
8111;8111; 1.21;0
8121;8121; 1.07;0
8131;8131; 1.02;0
8141;8141; 1.02;0
8151;8151; 1.13;0
8161;8161; 1.08;0
8171;8171; 1.16;0
8181;8181; 1.10;0
8191;8191; 1.23;0
8201;8201; 1.09;0
8211;8211; 1.10;0
8221;8221; 1.16;0
8231;8231; 1.11;0
8241;8241; 1.07;0
8251;8251; 1.07;0
8261;8261; 1.11;0
8271;8271; 1.09;0
8281;8281; 1.10;0
8291;8291; 1.07;0
8301;8301; 1.16;0
8311;8311; 1.07;0
8321;8321; 1.09;0
8331;8331; 1.12;0
8341;8341; 1.25;0
8351;8351; 1.07;0
8361;8361; 1.09;0
8371;8371; 1.11;0
8381;8381; 1.17;0
8391;8391; 1.13;0
8401;8401; 1.13;0
8411;8411; 1.16;0
8421;8421; 1.12;0
8431;8431; 1.10;0
8441;8441; 1.14;0
8451;8451; 1.26;0
8461;8461; 1.14;0
8471;8471; 1.11;0
8481;8481; 1.11;0
8491;8491; 1.18;0
8501;8501; 1.15;0
8511;8511; 1.14;0
8521;8521; 1.59;0
8531;8531; 1.52;0
8541;8541; 1.21;0
8551;8551; 1.28;0
8561;8561; 1.16;0
8571;8571; 1.13;0
8581;8581; 1.14;0
8591;8591; 1.19;0
8601;8601; 1.15;0
8611;8611; 1.15;0
8621;8621; 1.22;0
8631;8631; 1.17;0
8641;8641; 1.16;0
8651;8651; 1.20;0
8661;8661; 1.24;0
8671;8671; 1.15;0
8681;8681; 1.17;0
8691;8691; 1.22;0
8701;8701; 1.21;0
8711;8711; 1.18;0
8721;8721; 1.18;0
8731;8731; 1.31;0
8741;8741; 1.24;0
8751;8751; 1.19;0
8761;8761; 1.34;0
8771;8771; 1.24;0
8781;8781; 1.19;0
8791;8791; 1.28;0
8801;8801; 1.20;0
8811;8811; 1.20;0
8821;8821; 1.20;0
8831;8831; 1.29;0
8841;8841; 1.23;0
8851;8851; 1.23;0
8861;8861; 1.29;0
8871;8871; 1.24;0
8881;8881; 1.23;0
8891;8891; 1.27;0
8901;8901; 1.23;0
8911;8911; 1.30;0
8921;8921; 1.54;0
8931;8931; 1.29;0
8941;8941; 1.27;0
8951;8951; 1.32;0
8961;8961; 1.36;0
8971;8971; 1.35;0
8981;8981; 1.34;0
8991;8991; 1.35;0
9001;9001; 1.29;0
9011;9011; 1.35;0
9021;9021; 1.36;0
9031;9031; 1.30;0
9041;9041; 1.31;0
9051;9051; 1.36;0
9061;9061; 1.31;0
9071;9071; 1.31;0
9081;9081; 1.36;0
9091;9091; 1.56;0
9101;9101; 1.39;0
9111;9111; 1.39;0
9121;9121; 1.33;0
9131;9131; 1.61;0
9141;9141; 1.39;0
9151;9151; 1.35;0
9161;9161; 1.32;0
9171;9171; 1.48;0
9181;9181; 1.37;0
9191;9191; 1.36;0
9201;9201; 1.40;0
9211;9211; 1.35;0
9221;9221; 1.36;0
9231;9231; 1.41;0
9241;9241; 1.39;0
9251;9251; 1.71;0
9261;9261; 1.47;0
9271;9271; 1.41;0
9281;9281; 1.40;0
9291;9291; 2.28;0
9301;9301; 2.63;0
9311;9311; 1.44;0
9321;9321; 1.42;0
9331;9331; 1.46;0
9341;9341; 1.49;0
9351;9351; 1.45;0
9361;9361; 1.48;0
9371;9371; 1.51;0
9381;9381; 1.56;0
9391;9391; 1.48;0
9401;9401; 1.49;0
9411;9411; 1.72;0
9421;9421; 2.11;0
9431;9431; 1.39;0
9441;9441; 1.57;0
9451;9451; 1.36;0
9461;9461; 1.38;0
9471;9471; 1.38;0
9481;9481; 1.47;0
9491;9491; 1.56;0
9501;9501; 1.84;0
9511;9511; 1.40;0
9521;9521; 1.41;0
9531;9531; 1.51;0
9541;9541; 1.61;0
9551;9551; 1.40;0
9561;9561; 1.49;0
9571;9571; 1.44;0
9581;9581; 1.45;0
9591;9591; 1.48;0
9601;9601; 1.69;0
9611;9611; 1.48;0
9621;9621; 1.66;0
9631;9631; 1.53;0
9641;9641; 1.87;0
9651;9651; 1.46;0
9661;9661; 1.91;0
9671;9671; 1.48;0
9681;9681; 1.45;0
9691;9691; 1.68;0
9701;9701; 1.54;0
9711;9711; 1.99;0
9721;9721; 1.49;0
9731;9731; 1.91;0
9741;9741; 1.65;0
9751;9751; 1.92;0
9761;9761; 1.57;0
9771;9771; 1.95;0
9781;9781; 1.56;0
9791;9791; 2.05;0
9801;9801; 1.55;0
9811;9811; 2.09;0
9821;9821; 1.60;0
9831;9831; 2.43;0
9841;9841; 1.63;0
9851;9851; 1.60;0
9861;9861; 2.06;0
9871;9871; 1.63;0
9881;9881; 2.30;0
9891;9891; 1.63;0
9901;9901; 2.29;0
9911;9911; 1.82;0
9921;9921; 1.85;0
9931;9931; 1.86;0
9941;9941; 2.12;0
9951;9951; 1.68;0
9961;9961; 1.71;0
9971;9971; 2.60;0
9981;9981; 1.60;0
9991;9991; 2.45;0
10001;10001; 1.59;0
10011;10011; 2.34;0
10021;10021; 1.63;0
10031;10031; 2.34;0
10041;10041; 1.68;0
10051;10051; 2.06;0
10061;10061; 1.74;0
10071;10071; 2.29;0
10081;10081; 1.70;0
10091;10091; 1.66;0
10101;10101; 2.42;0
10111;10111; 1.68;0
10121;10121; 2.76;0
10131;10131; 1.89;0
10141;10141; 1.90;0
10151;10151; 1.90;0
10161;10161; 2.11;0
10171;10171; 1.84;0
10181;10181; 2.03;0
10191;10191; 2.29;0
10201;10201; 2.01;0
10211;10211; 1.93;0
10221;10221; 1.89;0
10231;10231; 1.88;0
10241;10241; 1.97;0
10251;10251; 1.92;0
10261;10261; 1.85;0
10271;10271; 1.92;0
10281;10281; 1.96;0
10291;10291; 1.98;0
10301;10301; 1.95;0
10311;10311; 2.01;0
10321;10321; 1.93;0
10331;10331; 2.15;0
10341;10341; 2.01;0
10351;10351; 2.04;0
10361;10361; 2.07;0
10371;10371; 1.98;0
10381;10381; 1.96;0
10391;10391; 2.11;0
10401;10401; 1.99;0
10411;10411; 2.37;0
10421;10421; 2.08;0
10431;10431; 2.09;0
10441;10441; 2.01;0
10451;10451; 2.03;0
10461;10461; 2.40;0
10471;10471; 1.94;0
10481;10481; 2.06;0
10491;10491; 2.01;0
10501;10501; 2.01;0
10511;10511; 2.38;0
10521;10521; 2.07;0
10531;10531; 2.01;0
10541;10541; 2.13;0
10551;10551; 2.09;0
10561;10561; 2.25;0
10571;10571; 2.06;0
10581;10581; 2.05;0
10591;10591; 2.06;0
10601;10601; 2.21;0
10611;10611; 2.30;0
10621;10621; 2.12;0
10631;10631; 2.07;0
10641;10641; 2.10;0
10651;10651; 2.02;0
10661;10661; 2.32;0
10671;10671; 2.02;0
10681;10681; 2.21;0
10691;10691; 2.12;0
10701;10701; 2.16;0
10711;10711; 2.19;0
10721;10721; 2.16;0
10731;10731; 2.14;0
10741;10741; 2.14;0
10751;10751; 2.09;0
10761;10761; 2.16;0
10771;10771; 2.29;0
10781;10781; 2.23;0
10791;10791; 2.23;0
10801;10801; 2.35;0
10811;10811; 2.15;0
10821;10821; 2.20;0
10831;10831; 2.17;0
10841;10841; 2.35;0
10851;10851; 2.30;0
10861;10861; 2.23;0
10871;10871; 2.40;0
10881;10881; 2.37;0
10891;10891; 2.38;0
10901;10901; 2.24;0
10911;10911; 2.30;0
10921;10921; 2.51;0
10931;10931; 2.31;0
10941;10941; 2.31;0
10951;10951; 2.42;0
10961;10961; 2.42;0
10971;10971; 2.35;0
10981;10981; 2.30;0
10991;10991; 2.46;0
11001;11001; 2.42;0
11011;11011; 2.32;0
11021;11021; 2.55;0
11031;11031; 2.40;0
11041;11041; 2.28;0
11051;11051; 2.28;0
11061;11061; 2.35;0
11071;11071; 2.52;0
11081;11081; 2.38;0
11091;11091; 2.35;0
11101;11101; 2.37;0
11111;11111; 2.53;0
11121;11121; 2.33;0
11131;11131; 2.41;0
11141;11141; 2.38;0
11151;11151; 2.37;0
11161;11161; 2.46;0
11171;11171; 2.42;0
11181;11181; 2.52;0
11191;11191; 2.35;0
11201;11201; 2.55;0
11211;11211; 2.41;0
11221;11221; 2.47;0
11231;11231; 3.03;0
11241;11241; 2.47;0
11251;11251; 2.53;0
11261;11261; 2.46;0
11271;11271; 2.47;0
11281;11281; 2.49;0
11291;11291; 2.46;0
11301;11301; 2.69;0
11311;11311; 2.49;0
11321;11321; 2.53;0
11331;11331; 2.55;0
11341;11341; 2.49;0
11351;11351; 2.57;0
11361;11361; 2.57;0
11371;11371; 2.63;0
11381;11381; 2.52;0
11391;11391; 2.67;0
11401;11401; 2.75;0
11411;11411; 2.62;0
11421;11421; 2.95;0
11431;11431; 2.82;0
11441;11441; 2.81;0
11451;11451; 2.82;0
11461;11461; 3.02;0
11471;11471; 2.80;0
11481;11481; 2.98;0
11491;11491; 2.83;0
11501;11501; 3.35;0
11511;11511; 2.86;0
11521;11521; 2.79;0
11531;11531; 2.89;0
11541;11541; 3.06;0
11551;11551; 2.91;0
11561;11561; 2.90;0
11571;11571; 3.24;0
11581;11581; 2.94;0
11591;11591; 2.88;0
11601;11601; 2.97;0
11611;11611; 3.03;0
11621;11621; 3.14;0
11631;11631; 3.03;0
11641;11641; 2.90;0
11651;11651; 2.87;0
11661;11661; 2.97;0
11671;11671; 3.12;0
11681;11681; 3.12;0
11691;11691; 3.06;0
11701;11701; 3.12;0
11711;11711; 3.09;0
11721;11721; 3.05;0
11731;11731; 3.12;0
11741;11741; 3.15;0
11751;11751; 3.20;0
11761;11761; 3.18;0
11771;11771; 3.16;0
11781;11781; 3.14;0
11791;11791; 3.08;0
11801;11801; 3.23;0
11811;11811; 3.31;0
11821;11821; 3.24;0
11831;11831; 3.14;0
11841;11841; 3.15;0
11851;11851; 3.20;0
11861;11861; 3.16;0
11871;11871; 3.26;0
11881;11881; 3.43;0
11891;11891; 3.27;0
11901;11901; 3.16;0
11911;11911; 3.35;0
11921;11921; 3.26;0
11931;11931; 3.40;0
11941;11941; 3.27;0
11951;11951; 3.37;0
11961;11961; 3.35;0
11971;11971; 3.83;0
11981;11981; 3.53;0
11991;11991; 3.36;0
12001;12001; 3.41;0
12011;12011; 3.36;0
12021;12021; 3.44;0
12031;12031; 3.44;0
12041;12041; 3.36;0
12051;12051; 3.40;0
12061;12061; 3.39;0
12071;12071; 3.44;0
12081;12081; 3.41;0
12091;12091; 3.45;0
12101;12101; 3.37;0
12111;12111; 3.31;0
12121;12121; 3.35;0
12131;12131; 3.30;0
12141;12141; 3.50;0
12151;12151; 3.46;0
12161;12161; 3.36;0
12171;12171; 3.40;0
12181;12181; 3.50;0
12191;12191; 3.49;0
12201;12201; 3.30;0
12211;12211; 3.47;0
12221;12221; 3.44;0
12231;12231; 3.73;0
12241;12241; 3.56;0
12251;12251; 3.51;0
12261;12261; 3.64;0
12271;12271; 3.58;0
12281;12281; 3.66;0
12291;12291; 3.66;0
12301;12301; 4.08;0
12311;12311; 3.67;0
12321;12321; 3.60;0
12331;12331; 3.61;0
12341;12341; 3.68;0
12351;12351; 3.63;0
12361;12361; 3.74;0
12371;12371; 3.64;0
12381;12381; 3.61;0
12391;12391; 3.74;0
12401;12401; 3.65;0
12411;12411; 3.75;0
12421;12421; 3.70;0
12431;12431; 3.72;0
12441;12441; 4.02;0
12451;12451; 3.85;0
12461;12461; 3.81;0
12471;12471; 3.81;0
12481;12481; 3.77;0
12491;12491; 3.81;0
12501;12501; 3.86;0
12511;12511; 3.50;0
12521;12521; 3.92;0
12531;12531; 3.58;0
12541;12541; 3.83;0
12551;12551; 3.56;0
12561;12561; 3.62;0
12571;12571; 3.63;0
12581;12581; 3.73;0
12591;12591; 3.97;0
12601;12601; 4.33;0
12611;12611; 3.98;0
12621;12621; 3.67;0
12631;12631; 3.67;0
12641;12641; 3.65;0
12651;12651; 3.75;0
12661;12661; 4.11;0
12671;12671; 3.68;0
12681;12681; 3.78;0
12691;12691; 3.71;0
12701;12701; 3.76;0
12711;12711; 3.80;0
12721;12721; 3.79;0
12731;12731; 3.87;0
12741;12741; 3.72;0
12751;12751; 3.75;0
12761;12761; 3.68;0
12771;12771; 3.60;0
12781;12781; 3.99;0
12791;12791; 4.13;0
12801;12801; 3.82;0
12811;12811; 3.93;0
12821;12821; 3.87;0
12831;12831; 3.80;0
12841;12841; 3.91;0
12851;12851; 4.23;0
12861;12861; 3.78;0
12871;12871; 3.82;0
12881;12881; 3.96;0
12891;12891; 3.90;0
12901;12901; 3.84;0
12911;12911; 4.16;0
12921;12921; 3.85;0
12931;12931; 3.86;0
12941;12941; 3.90;0
12951;12951; 3.85;0
12961;12961; 3.83;0
12971;12971; 3.81;0
12981;12981; 3.88;0
12991;12991; 4.54;0
13001;13001; 4.26;0
13011;13011; 3.77;0
13021;13021; 3.74;0
13031;13031; 3.69;0
13041;13041; 3.77;0
13051;13051; 3.92;0
13061;13061; 3.97;0
13071;13071; 4.15;0
13081;13081; 3.85;0
13091;13091; 3.89;0
13101;13101; 4.00;0
13111;13111; 3.94;0
13121;13121; 3.83;0
13131;13131; 4.87;0
13141;13141; 4.20;0
13151;13151; 4.38;0
13161;13161; 4.07;0
13171;13171; 4.31;0
13181;13181; 4.29;0
13191;13191; 4.31;0
13201;13201; 4.44;0
13211;13211; 4.48;0
13221;13221; 4.45;0
13231;13231; 4.32;0
13241;13241; 4.39;0
13251;13251; 4.30;0
13261;13261; 4.43;0
13271;13271; 4.26;0
13281;13281; 4.48;0
13291;13291; 4.30;0
13301;13301; 4.40;0
13311;13311; 4.54;0
13321;13321; 4.52;0
13331;13331; 4.41;0
13341;13341; 4.57;0
13351;13351; 4.44;0
13361;13361; 4.54;0
13371;13371; 4.63;0
13381;13381; 4.61;0
13391;13391; 4.41;0
13401;13401; 4.61;0
13411;13411; 4.68;0
13421;13421; 4.56;0
13431;13431; 4.55;0
13441;13441; 4.38;0
13451;13451; 4.43;0
13461;13461; 4.45;0
13471;13471; 4.24;0
13481;13481;10.73;0
13491;13491; 4.57;0
13501;13501; 4.51;0
13511;13511; 4.49;0
13521;13521; 4.44;0
13531;13531; 4.49;0
13541;13541; 5.05;0
13551;13551; 4.37;0
13561;13561; 4.88;0
13571;13571; 4.40;0
13581;13581; 4.61;0
13591;13591; 5.45;0
13601;13601; 4.40;0
13611;13611; 4.49;0
13621;13621; 4.55;0
13631;13631; 4.84;0
13641;13641; 4.75;0
13651;13651; 4.57;0
13661;13661; 4.61;0
13671;13671; 4.82;0
13681;13681; 4.79;0
13691;13691; 4.62;0
13701;13701; 4.90;0
13711;13711; 4.82;0
13721;13721; 4.74;0
13731;13731; 4.85;0
13741;13741; 4.89;0
13751;13751; 4.88;0
13761;13761; 4.92;0
13771;13771; 4.82;0
13781;13781; 4.87;0
13791;13791; 4.96;0
13801;13801; 8.05;0
13811;13811; 5.68;0
13821;13821; 5.06;0
13831;13831; 4.98;0
13841;13841; 5.03;0
13851;13851; 5.32;0
13861;13861; 5.03;0
13871;13871; 5.17;0
13881;13881; 5.07;0
13891;13891; 5.11;0
13901;13901; 5.25;0
13911;13911; 5.13;0
13921;13921; 6.23;0
13931;13931; 5.13;0
13941;13941; 5.11;0
13951;13951; 5.03;0
13961;13961; 5.17;0
13971;13971; 5.08;0
13981;13981; 5.11;0
13991;13991; 5.09;0
14001;14001; 5.80;0
14011;14011; 5.08;0
14021;14021; 5.28;0
14031;14031; 5.03;0
14041;14041; 5.12;0
14051;14051; 5.23;0
14061;14061; 5.07;0
14071;14071; 5.22;0
14081;14081; 5.12;0
14091;14091; 5.13;0
14101;14101; 5.20;0
14111;14111; 5.38;0
14121;14121; 5.06;0
14131;14131; 5.01;0
14141;14141; 5.33;0
14151;14151; 5.35;0
14161;14161; 5.11;0
14171;14171; 5.18;0
14181;14181; 5.33;0
14191;14191; 5.21;0
14201;14201; 5.14;0
14211;14211; 5.41;0
14221;14221; 5.25;0
14231;14231; 5.26;0
14241;14241; 5.21;0
14251;14251; 5.41;0
14261;14261; 5.29;0
14271;14271; 5.45;0
14281;14281; 5.21;0
14291;14291; 5.32;0
14301;14301; 5.38;0
14311;14311; 5.42;0
14321;14321; 5.45;0
14331;14331; 5.35;0
14341;14341; 5.30;0
14351;14351; 5.37;0
14361;14361; 5.48;0
14371;14371; 5.49;0
14381;14381; 5.57;0
14391;14391; 5.50;0
14401;14401; 5.42;0
14411;14411; 5.42;0
14421;14421; 5.53;0
14431;14431; 5.50;0
14441;14441; 5.61;0
14451;14451; 5.57;0
14461;14461; 5.61;0
14471;14471; 5.77;0
14481;14481; 5.76;0
14491;14491; 5.59;0
14501;14501; 5.69;0
14511;14511; 6.10;0
14521;14521; 5.80;0
14531;14531; 5.71;0
14541;14541; 5.78;0
14551;14551; 5.84;0
14561;14561; 5.83;0
14571;14571; 5.85;0
14581;14581; 5.97;0
14591;14591; 5.85;0
14601;14601; 6.22;0
14611;14611; 5.91;0
14621;14621; 5.92;0
14631;14631; 5.82;0
14641;14641; 5.95;0
14651;14651; 5.87;0
14661;14661; 5.90;0
14671;14671; 5.95;0
14681;14681; 6.79;0
14691;14691; 6.12;0
14701;14701; 6.09;0
14711;14711; 6.11;0
14721;14721; 6.01;0
14731;14731; 6.23;0
14741;14741; 6.13;0
14751;14751; 6.07;0
14761;14761; 6.22;0
14771;14771; 6.21;0
14781;14781; 6.19;0
14791;14791; 6.18;0
14801;14801; 6.12;0
14811;14811; 6.17;0
14821;14821; 6.23;0
14831;14831; 6.24;0
14841;14841; 6.26;0
14851;14851; 6.24;0
14861;14861; 6.44;0
14871;14871; 6.39;0
14881;14881; 6.43;0
14891;14891; 6.40;0
14901;14901; 6.46;0
14911;14911; 6.42;0
14921;14921; 6.45;0
14931;14931; 6.48;0
14941;14941; 6.60;0
14951;14951; 6.64;0
14961;14961; 6.48;0
14971;14971; 6.52;0
14981;14981; 6.57;0
14991;14991; 6.52;0
15001;15001; 6.54;0
15011;15011; 6.73;0
15021;15021; 6.75;0
15031;15031; 7.25;0
15041;15041; 6.68;0
15051;15051; 6.69;0
15061;15061; 6.83;0
15071;15071; 6.67;0
15081;15081; 6.76;0
15091;15091; 6.75;0
15101;15101; 6.85;0
15111;15111; 7.10;0
15121;15121; 6.79;0
15131;15131; 6.95;0
15141;15141; 6.90;0
15151;15151; 6.91;0
15161;15161; 6.89;0
15171;15171; 6.96;0
15181;15181; 6.98;0
15191;15191; 6.97;0
15201;15201; 6.95;0
15211;15211; 6.93;0
15221;15221; 6.98;0
15231;15231; 6.95;0
15241;15241; 6.98;0
15251;15251; 7.04;0
15261;15261; 7.15;0
15271;15271; 7.07;0
15281;15281; 7.41;0
15291;15291; 7.07;0
15301;15301; 7.11;0
15311;15311; 7.15;0
15321;15321; 7.08;0
15331;15331; 7.85;0
15341;15341; 7.28;0
15351;15351; 7.21;0
15361;15361; 7.22;0
15371;15371; 7.26;0
15381;15381; 7.33;0
15391;15391; 7.76;0
15401;15401; 7.34;0
15411;15411; 7.53;0
15421;15421; 7.41;0
15431;15431; 7.39;0
15441;15441; 7.50;0
15451;15451; 7.41;0
15461;15461; 7.55;0
15471;15471; 7.44;0
15481;15481; 7.83;0
15491;15491; 7.54;0
15501;15501; 7.53;0
15511;15511; 7.56;0
15521;15521; 7.55;0
15531;15531; 7.58;0
15541;15541; 7.58;0
15551;15551; 7.63;0
15561;15561; 7.69;0
15571;15571; 7.67;0
15581;15581; 7.69;0
15591;15591; 7.72;0
15601;15601; 7.68;0
15611;15611; 7.77;0
15621;15621; 7.83;0
15631;15631; 7.81;0
15641;15641; 7.86;0
15651;15651; 7.82;0
15661;15661; 7.87;0
15671;15671; 7.84;0
15681;15681; 7.86;0
15691;15691; 7.93;0
15701;15701; 7.93;0
15711;15711; 7.88;0
15721;15721; 7.94;0
15731;15731; 8.75;0
15741;15741; 8.34;0
15751;15751; 7.95;0
15761;15761; 8.32;0
15771;15771; 8.00;0
15781;15781; 7.98;0
15791;15791; 8.22;0
15801;15801; 8.05;0
15811;15811; 8.06;0
15821;15821; 8.13;0
15831;15831; 8.20;0
15841;15841; 8.11;0
15851;15851; 8.15;0
15861;15861; 8.24;0
15871;15871; 8.17;0
15881;15881; 8.18;0
15891;15891; 8.29;0
15901;15901; 8.34;0
15911;15911; 8.28;0
15921;15921; 8.29;0
15931;15931; 8.34;0
15941;15941; 8.44;0
15951;15951; 8.39;0
15961;15961; 8.50;0
15971;15971; 8.53;0
15981;15981; 8.44;0
15991;15991; 8.45;0
16001;16001; 8.45;0
16011;16011; 8.43;0
16021;16021; 8.51;0
16031;16031; 8.52;0
16041;16041; 8.52;0
16051;16051; 8.57;0
16061;16061; 8.58;0
16071;16071; 8.54;0
16081;16081; 8.57;0
16091;16091; 9.60;0
16101;16101; 8.75;0
16111;16111; 8.69;0
16121;16121; 8.76;0
16131;16131; 8.73;0
16141;16141; 8.71;0
16151;16151; 8.87;0
16161;16161; 8.69;0
16171;16171; 8.76;0
16181;16181; 8.83;0
16191;16191; 8.90;0
16201;16201; 8.76;0
16211;16211; 8.98;0
16221;16221; 8.89;0
16231;16231; 8.92;0
16241;16241; 8.85;0
16251;16251; 8.94;0
16261;16261;10.14;0
16271;16271; 9.61;0
16281;16281; 9.10;0
16291;16291; 9.07;0
16301;16301; 9.08;0
16311;16311; 9.19;0
16321;16321; 9.21;0
16331;16331; 9.92;0
16341;16341; 9.16;0
16351;16351; 9.19;0
16361;16361; 9.22;0
16371;16371; 9.26;0
16381;16381; 9.39;0
16391;16391; 9.44;0
16401;16401; 9.23;0
16411;16411; 9.19;0
16421;16421; 9.55;0
16431;16431; 9.21;0
16441;16441; 9.34;0
16451;16451;10.87;0
16461;16461; 9.33;0
16471;16471; 9.18;0
16481;16481; 9.22;0
16491;16491; 9.29;0
16501;16501; 9.26;0
16511;16511; 9.28;0
16521;16521; 9.22;0
16531;16531; 9.30;0
16541;16541; 9.30;0
16551;16551; 9.28;0
16561;16561; 9.30;0
16571;16571; 9.42;0
16581;16581; 9.33;0
16591;16591; 9.33;0
16601;16601; 9.36;0
16611;16611; 9.42;0
16621;16621; 9.41;0
16631;16631; 9.48;0
16641;16641; 9.42;0
16651;16651; 9.49;0
16661;16661;10.44;0
16671;16671; 9.93;0
16681;16681;10.17;0
16691;16691; 9.98;0
16701;16701;10.12;0
16711;16711; 9.92;0
16721;16721;10.02;0
16731;16731;10.63;0
16741;16741;10.37;0
16751;16751;10.30;0
16761;16761;10.29;0
16771;16771;10.23;0
16781;16781;10.22;0
16791;16791;10.48;0
16801;16801;10.29;0
16811;16811;10.32;0
16821;16821;10.48;0
16831;16831;10.36;0
16841;16841;10.58;0
16851;16851;10.93;0
16861;16861;10.49;0
16871;16871;10.50;0
16881;16881;10.58;0
16891;16891;10.66;0
16901;16901;10.37;0
16911;16911;10.50;0
16921;16921;10.53;0
16931;16931;10.60;0
16941;16941;10.72;0
16951;16951;10.85;0
16961;16961;10.51;0
16971;16971;10.84;0
16981;16981;10.73;0
16991;16991;10.74;0
17001;17001;11.02;0
17011;17011;10.65;0
17021;17021;10.70;0
17031;17031;10.63;0
17041;17041;10.67;0
17051;17051;10.67;0
17061;17061;10.77;0
17071;17071;10.73;0
17081;17081;10.78;0
17091;17091;10.85;0
17101;17101;11.04;0
17111;17111;10.62;0
17121;17121;10.81;0
17131;17131;10.93;0
17141;17141;10.95;0
17151;17151;11.53;0
17161;17161;10.89;0
17171;17171;11.02;0
17181;17181;10.97;0
17191;17191;11.28;0
17201;17201;11.21;0
17211;17211;10.95;0
17221;17221;11.17;0
17231;17231;11.03;0
17241;17241;11.02;0
17251;17251;11.31;0
17261;17261;10.88;0
17271;17271;11.08;0
17281;17281;10.96;0
17291;17291;10.92;0
17301;17301;11.06;0
17311;17311;10.94;0
17321;17321;10.76;0
17331;17331;10.81;0
17341;17341;10.87;0
17351;17351;10.97;0
17361;17361;10.83;0
17371;17371;10.83;0
17381;17381;10.81;0
17391;17391;10.75;0
17401;17401;10.99;0
17411;17411;10.85;0
17421;17421;10.88;0
17431;17431;10.86;0
17441;17441;10.88;0
17451;17451;13.64;0
17461;17461;10.90;0
17471;17471;11.25;0
17481;17481;10.77;0
17491;17491;10.86;0
17501;17501;11.15;0
17511;17511;10.89;0
17521;17521;10.83;0
17531;17531;10.81;0
17541;17541;10.88;0
17551;17551;10.91;0
17561;17561;10.86;0
17571;17571;10.93;0
17581;17581;11.00;0
17591;17591;10.92;0
17601;17601;10.96;0
17611;17611;10.92;0
17621;17621;11.00;0
17631;17631;11.30;0
17641;17641;10.98;0
17651;17651;11.09;0
17661;17661;11.28;0
17671;17671;11.00;0
17681;17681;11.19;0
17691;17691;11.56;0
17701;17701;12.20;0
17711;17711;11.34;0
17721;17721;11.67;0
17731;17731;11.45;0
17741;17741;11.50;0
17751;17751;11.43;0
17761;17761;11.32;0
17771;17771;11.33;0
17781;17781;11.35;0
17791;17791;11.44;0
17801;17801;11.42;0
17811;17811;11.43;0
17821;17821;11.56;0
17831;17831;11.53;0
17841;17841;11.59;0
17851;17851;13.26;0
17861;17861;11.68;0
17871;17871;11.68;0
17881;17881;11.86;0
17891;17891;12.51;0
17901;17901;11.80;0
17911;17911;11.72;0
17921;17921;11.70;0
17931;17931;11.83;0
17941;17941;11.91;0
17951;17951;11.85;0
17961;17961;11.75;0
17971;17971;11.62;0
17981;17981;12.28;0
17991;17991;11.76;0
18001;18001;11.76;0
18011;18011;11.74;0
18021;18021;11.76;0
18031;18031;11.81;0
18041;18041;11.81;0
18051;18051;12.19;0
18061;18061;11.98;0
18071;18071;11.96;0
18081;18081;11.78;0
18091;18091;11.88;0
18101;18101;11.88;0
18111;18111;11.97;0
18121;18121;12.00;0
18131;18131;11.99;0
18141;18141;12.05;0
18151;18151;11.94;0
18161;18161;13.71;0
18171;18171;12.14;0
18181;18181;12.33;0
18191;18191;12.39;0
18201;18201;12.15;0
18211;18211;12.41;0
18221;18221;12.19;0
18231;18231;12.29;0
18241;18241;12.27;0
18251;18251;12.40;0
18261;18261;12.38;0
18271;18271;12.33;0
18281;18281;12.43;0
18291;18291;12.41;0
18301;18301;12.45;0
18311;18311;12.43;0
18321;18321;12.43;0
18331;18331;12.38;0
18341;18341;12.53;0
18351;18351;12.41;0
18361;18361;12.48;0
18371;18371;12.57;0
18381;18381;12.73;0
18391;18391;12.97;0
18401;18401;12.74;0
18411;18411;12.88;0
18421;18421;12.64;0
18431;18431;12.80;0
18441;18441;12.73;0
18451;18451;12.65;0
18461;18461;12.63;0
18471;18471;12.81;0
18481;18481;12.64;0
18491;18491;12.59;0
18501;18501;12.64;0
18511;18511;12.61;0
18521;18521;12.76;0
18531;18531;12.73;0
18541;18541;12.86;0
18551;18551;12.72;0
18561;18561;13.34;0
18571;18571;12.70;0
18581;18581;12.74;0
18591;18591;12.65;0
18601;18601;13.04;0
18611;18611;13.30;0
18621;18621;12.98;0
18631;18631;12.66;0
18641;18641;13.08;0
18651;18651;12.74;0
18661;18661;12.76;0
18671;18671;12.71;0
18681;18681;12.78;0
18691;18691;13.30;0
18701;18701;12.72;0
18711;18711;12.79;0
18721;18721;12.74;0
18731;18731;14.38;0
18741;18741;13.03;0
18751;18751;12.94;0
18761;18761;12.89;0
18771;18771;12.99;0
18781;18781;12.90;0
18791;18791;12.95;0
18801;18801;13.71;0
18811;18811;17.15;0
18821;18821;15.23;0
18831;18831;14.09;0
18841;18841;14.65;0
18851;18851;14.36;0
18861;18861;14.17;0
18871;18871;14.22;0
18881;18881;14.63;0
18891;18891;14.20;0
18901;18901;14.17;0
18911;18911;14.07;0
18921;18921;14.15;0
18931;18931;14.15;0
18941;18941;14.24;0
18951;18951;14.31;0
18961;18961;14.34;0
18971;18971;14.85;0
18981;18981;14.34;0
18991;18991;18.11;0
19001;19001;14.66;0
19011;19011;14.68;0
19021;19021;14.67;0
19031;19031;14.76;0
19041;19041;14.98;0
19051;19051;14.56;0
19061;19061;14.47;0
19071;19071;14.83;0
19081;19081;14.48;0
19091;19091;14.61;0
19101;19101;14.47;0
19111;19111;14.49;0
19121;19121;14.56;0
19131;19131;14.47;0
19141;19141;14.55;0
19151;19151;14.54;0
19161;19161;14.61;0
19171;19171;14.67;0
19181;19181;14.66;0
19191;19191;14.72;0
19201;19201;14.67;0
19211;19211;14.73;0
19221;19221;14.66;0
19231;19231;14.75;0
19241;19241;14.73;0
19251;19251;14.77;0
19261;19261;14.79;0
19271;19271;15.28;0
19281;19281;14.86;0
19291;19291;14.89;0
19301;19301;14.85;0
19311;19311;14.87;0
19321;19321;14.89;0
19331;19331;14.87;0
19341;19341;14.91;0
19351;19351;14.95;0
19361;19361;16.04;0
19371;19371;15.20;0
19381;19381;15.08;0
19391;19391;15.64;0
19401;19401;15.69;0
19411;19411;15.54;0
19421;19421;15.09;0
19431;19431;15.17;0
19441;19441;15.13;0
19451;19451;15.16;0
19461;19461;15.21;0
19471;19471;15.16;0
19481;19481;15.13;0
19491;19491;15.24;0
19501;19501;15.88;0
19511;19511;15.39;0
19521;19521;15.42;0
19531;19531;15.35;0
19541;19541;15.39;0
19551;19551;15.37;0
19561;19561;15.50;0
19571;19571;15.42;0
19581;19581;15.62;0
19591;19591;15.46;0
19601;19601;15.70;0
19611;19611;15.45;0
19621;19621;15.47;0
19631;19631;15.80;0
19641;19641;15.53;0
19651;19651;15.51;0
19661;19661;15.52;0
19671;19671;15.59;0
19681;19681;15.60;0
19691;19691;15.62;0
19701;19701;15.69;0
19711;19711;15.79;0
19721;19721;16.71;0
19731;19731;17.13;0
19741;19741;16.00;0
19751;19751;16.09;0
19761;19761;15.85;0
19771;19771;15.93;0
19781;19781;15.85;0
19791;19791;15.86;0
19801;19801;16.45;0
19811;19811;16.11;0
19821;19821;16.03;0
19831;19831;16.05;0
19841;19841;16.08;0
19851;19851;16.17;0
19861;19861;16.02;0
19871;19871;16.11;0
19881;19881;16.28;0
19891;19891;16.33;0
19901;19901;16.22;0
19911;19911;16.38;0
19921;19921;16.39;0
19931;19931;16.93;0
19941;19941;16.35;0
19951;19951;16.32;0
19961;19961;16.29;0
19971;19971;16.41;0
19981;19981;16.47;0
19991;19991;16.44;0
20001;20001;16.44;0
20011;20011;16.93;0
20021;20021;16.46;0
20031;20031;16.48;0
20041;20041;16.55;0
20051;20051;16.67;0
20061;20061;17.00;0
20071;20071;16.74;0
20081;20081;16.76;0
20091;20091;16.85;0
20101;20101;16.70;0
20111;20111;17.48;0
20121;20121;16.79;0
20131;20131;20.12;0
20141;20141;17.09;0
20151;20151;17.07;0
20161;20161;17.40;0
20171;20171;17.26;0
20181;20181;17.31;0
20191;20191;17.23;0
20201;20201;17.34;0
20211;20211;17.32;0
20221;20221;17.37;0
20231;20231;17.45;0
20241;20241;17.39;0
20251;20251;18.09;0
20261;20261;17.44;0
20271;20271;17.32;0
20281;20281;17.47;0
20291;20291;17.51;0
20301;20301;17.64;0
20311;20311;17.84;0
20321;20321;17.56;0
20331;20331;17.50;0
20341;20341;17.49;0
20351;20351;17.40;0
20361;20361;17.47;0
20371;20371;17.57;0
20381;20381;17.58;0
20391;20391;17.67;0
20401;20401;17.77;0
20411;20411;18.61;0
20421;20421;18.08;0
20431;20431;17.76;0
20441;20441;17.79;0
20451;20451;17.77;0
20461;20461;17.83;0
20471;20471;17.80;0
20481;20481;17.77;0
20491;20491;17.88;0
20501;20501;17.92;0
20511;20511;18.64;0
20521;20521;18.20;0
20531;20531;17.90;0
20541;20541;17.97;0
20551;20551;17.85;0
20561;20561;18.09;0
20571;20571;17.88;0
20581;20581;18.78;0
20591;20591;18.34;0
20601;20601;18.15;0
20611;20611;18.14;0
20621;20621;18.28;0
20631;20631;18.22;0
20641;20641;18.14;0
20651;20651;18.17;0
20661;20661;18.18;0
20671;20671;18.17;0
20681;20681;18.24;0
20691;20691;18.25;0
20701;20701;18.52;0
20711;20711;18.51;0
20721;20721;19.85;0
20731;20731;18.37;0
20741;20741;18.57;0
20751;20751;18.40;0
20761;20761;18.38;0
20771;20771;18.37;0
20781;20781;18.42;0
20791;20791;18.37;0
20801;20801;19.37;0
20811;20811;18.27;0
20821;20821;18.31;0
20831;20831;18.37;0
20841;20841;18.46;0
20851;20851;18.39;0
20861;20861;19.27;0
20871;20871;18.97;0
20881;20881;18.45;0
20891;20891;18.40;0
20901;20901;18.42;0
20911;20911;18.45;0
20921;20921;18.41;0
20931;20931;18.44;0
20941;20941;18.58;0
20951;20951;18.61;0
20961;20961;18.67;0
20971;20971;18.80;0
20981;20981;18.95;0
20991;20991;18.64;0
21001;21001;18.80;0
21011;21011;18.94;0
21021;21021;18.78;0
21031;21031;19.61;0
21041;21041;18.78;0
21051;21051;18.79;0
21061;21061;18.81;0
21071;21071;18.80;0
21081;21081;18.82;0
21091;21091;18.82;0
21101;21101;18.84;0
21111;21111;18.83;0
21121;21121;18.84;0
21131;21131;18.92;0
21141;21141;18.96;0
21151;21151;18.89;0
21161;21161;19.12;0
21171;21171;18.81;0
21181;21181;18.75;0
21191;21191;18.78;0
21201;21201;18.80;0
21211;21211;18.84;0
21221;21221;20.08;0
21231;21231;18.89;0
21241;21241;19.01;0
21251;21251;19.08;0
21261;21261;19.19;0
21271;21271;19.42;0
21281;21281;19.10;0
21291;21291;19.20;0
21301;21301;19.45;0
21311;21311;20.08;0
21321;21321;19.18;0
21331;21331;19.30;0
21341;21341;19.25;0
21351;21351;19.28;0
21361;21361;19.79;0
21371;21371;19.49;0
21381;21381;19.55;0
21391;21391;19.61;0
21401;21401;20.23;0
21411;21411;19.69;0
21421;21421;19.61;0
21431;21431;19.67;0
21441;21441;19.73;0
21451;21451;19.97;0
21461;21461;20.58;0
21471;21471;19.79;0
21481;21481;19.86;0
21491;21491;19.96;0
21501;21501;20.03;0
21511;21511;20.04;0
21521;21521;20.02;0
21531;21531;19.95;0
21541;21541;20.10;0
21551;21551;20.08;0
21561;21561;20.37;0
21571;21571;21.16;0
21581;21581;20.49;0
21591;21591;20.17;0
21601;21601;20.20;0
21611;21611;20.19;0
21621;21621;20.21;0
21631;21631;20.55;0
21641;21641;20.25;0
21651;21651;20.28;0
21661;21661;20.27;0
21671;21671;20.28;0
21681;21681;20.39;0
21691;21691;20.45;0
21701;21701;20.58;0
21711;21711;20.45;0
21721;21721;21.25;0
21731;21731;20.53;0
21741;21741;20.56;0
21751;21751;20.62;0
21761;21761;20.52;0
21771;21771;20.84;0
21781;21781;20.58;0
21791;21791;20.72;0
21801;21801;20.67;0
21811;21811;20.68;0
21821;21821;29.90;0
21831;21831;45.92;0
21841;21841;67.35;0
21851;21851;59.88;0
21861;21861;37.90;0
21871;21871;34.91;0
21881;21881;33.64;0
21891;21891;35.50;0
21901;21901;27.42;0
21911;21911;24.23;0
21921;21921;26.29;0
21931;21931;29.42;0
21941;21941;23.07;0
21951;21951;26.28;0
21961;21961;20.26;0
21971;21971;21.87;0
21981;21981;20.77;0
21991;21991;21.40;0
22001;22001;19.67;0
22011;22011;19.98;0
22021;22021;22.70;0
22031;22031;24.37;0
22041;22041;37.81;0
22051;22051;25.22;0
22061;22061;30.76;0
22071;22071;24.07;0
22081;22081;24.09;0
22091;22091;24.57;0
22101;22101;30.11;0
22111;22111;25.37;0
22121;22121;23.40;0
22131;22131;25.88;0
22141;22141;21.79;0
22151;22151;20.20;0
22161;22161;20.36;0
22171;22171;20.46;0
22181;22181;20.21;0
22191;22191;21.35;0
22201;22201;20.23;0
22211;22211;20.85;0
22221;22221;20.42;0
22231;22231;21.33;0
22241;22241;21.21;0
22251;22251;23.80;0
22261;22261;21.22;0
22271;22271;20.82;0
22281;22281;21.40;0
22291;22291;20.88;0
22301;22301;21.22;0
22311;22311;21.33;0
22321;22321;21.00;0
22331;22331;21.43;0
22341;22341;21.10;0
22351;22351;22.05;0
22361;22361;21.79;0
22371;22371;21.47;0
22381;22381;20.85;0
22391;22391;22.02;0
22401;22401;21.58;0
22411;22411;21.41;0
22421;22421;21.23;0
22431;22431;21.05;0
22441;22441;21.29;0
22451;22451;21.31;0
22461;22461;21.37;0
22471;22471;21.54;0
22481;22481;21.84;0
22491;22491;21.61;0
22501;22501;21.42;0
22511;22511;25.42;0
22521;22521;35.47;0
22531;22531;48.15;0
22541;22541;35.69;0
22551;22551;28.49;0
22561;22561;40.74;0
22571;22571;32.94;0
22581;22581;37.55;0
22591;22591;24.94;0
22601;22601;24.73;0
22611;22611;25.55;0
22621;22621;25.53;0
22631;22631;24.80;0
22641;22641;28.38;0
22651;22651;26.00;0
22661;22661;25.31;0
22671;22671;24.77;0
22681;22681;32.37;0
22691;22691;27.59;0
22701;22701;27.07;0
22711;22711;25.40;0
22721;22721;24.69;0
22731;22731;25.62;0
22741;22741;25.07;0
22751;22751;24.76;0
22761;22761;25.61;0
22771;22771;25.97;0
22781;22781;24.70;0
22791;22791;32.96;0
22801;22801;30.06;0
22811;22811;24.49;0
22821;22821;25.77;0
22831;22831;27.00;0
22841;22841;24.59;0
22851;22851;23.36;0
22861;22861;22.85;0
22871;22871;25.41;0
22881;22881;23.50;0
22891;22891;22.42;0
22901;22901;24.29;0
22911;22911;22.45;0
22921;22921;22.07;0
22931;22931;22.07;0
22941;22941;21.98;0
22951;22951;22.44;0
